first_name,last_name,address,city,state,zip_code,phone1,phone2
Jasper,McReidy,0429 Heath Pass,Dulles,Virginia,20189,571-221-9090,937-904-6217
Binky,Doxey,2111 Monument Junction,Spartanburg,South Carolina,29305,864-278-5224,425-850-0803
Natty,Schoroder,128 Rieder Point,Fort Wayne,Indiana,46896,260-842-9538,202-718-7389
Billi,Leese,14485 Dakota Park,Fort Worth,Texas,76129,817-551-4802,520-979-0367
Elbert,Ivashkov,7 Oak Valley Parkway,Richmond,Virginia,23220,804-503-6349,360-143-2573
Theressa,Roseborough,109 Blaine Alley,Grand Rapids,Michigan,49560,616-731-1421,904-703-1334
Laura,Huetson,8 Russell Junction,Saint Cloud,Minnesota,56372,320-812-4949,316-809-4129
Blakeley,Blaschek,59 Dottie Road,Memphis,Tennessee,38114,901-908-2162,714-252-1546
Dominick,Belfit,09322 Corben Court,Irvine,California,92619,949-594-0945,813-274-7707
Baldwin,McCudden,58 Rusk Circle,New York City,New York,10029,646-223-3346,626-143-3364
Nolan,Kedge,03018 Golden Leaf Point,Oklahoma City,Oklahoma,73147,405-930-4154,216-453-3702
Sly,Petrashkov,44 Vernon Parkway,Pasadena,California,91186,626-730-5589,321-639-2671
Dannye,Earwicker,3 Homewood Crossing,Appleton,Wisconsin,54915,920-751-2787,601-892-5298
Leesa,Curragh,769 Cordelia Avenue,Richmond,Virginia,23203,804-953-9592,405-875-9406
Dudley,Hayne,21365 Vidon Alley,San Jose,California,95173,408-986-5879,513-535-6302
Nathaniel,Crockford,46 Eliot Park,Waterloo,Iowa,50706,319-370-8505,813-980-9911
Tiebout,Chatres,597 Mcbride Junction,San Francisco,California,94154,415-142-4778,202-526-7663
Audrey,Le Floch,5403 Main Place,Pasadena,California,91125,626-690-9158,212-788-9380
Chad,Kimbrough,012 Namekagon Court,Rockville,Maryland,20851,301-160-2336,718-918-9928
Kristen,Scholfield,2655 Messerschmidt Pass,Saint Petersburg,Florida,33715,727-160-5184,540-387-4070
Kane,Pecht,12108 Golden Leaf Pass,Sacramento,California,95838,916-306-2143,512-827-0582
Quill,Stillmann,014 Dunning Way,Raleigh,North Carolina,27621,919-324-7976,734-232-1316
Steward,Muschette,1993 Del Sol Park,Charleston,South Carolina,29403,843-872-8450,801-482-0091
Engracia,Gipp,1967 Division Drive,Des Moines,Iowa,50347,515-120-7759,816-866-9081
Peterus,Negri,8039 Helena Hill,Sacramento,California,94280,916-240-4353,806-295-8337
Steven,Balaison,2698 Shopko Terrace,Hartford,Connecticut,6183,860-657-6035,309-248-2089
Danice,Pilgram,6223 Hoepker Terrace,Columbus,Ohio,43226,614-782-9704,570-785-4090
Sarajane,Cheales,764 Monica Street,Atlanta,Georgia,31132,404-370-8691,212-719-8565
Luci,Hymer,30956 Dixon Street,Toledo,Ohio,43615,419-328-0457,804-388-9949
Hagan,Gatherell,72 Upham Road,Minneapolis,Minnesota,55417,612-292-5618,415-174-2911
Aggie,Cardwell,64365 Annamark Alley,Rochester,New York,14639,585-772-3642,803-222-3289
Jedidiah,Greaterex,80 Comanche Center,Richmond,Virginia,23208,804-648-4290,630-928-1366
Whitney,Brecknell,3844 Rutledge Hill,Lansing,Michigan,48930,517-231-0886,336-773-5295
Agnesse,Rebillard,020 West Parkway,Alexandria,Louisiana,71307,318-139-4792,814-787-1753
Neille,Pace,1 Northridge Point,Philadelphia,Pennsylvania,19125,215-901-0081,754-688-1868
Gigi,Lello,1 Muir Junction,Lansing,Michigan,48919,517-330-3539,412-772-9961
Conney,Crottagh,08 David Street,Harrisburg,Pennsylvania,17110,717-842-4151,941-987-2636
Gabrila,Crump,35 Dunning Lane,Milwaukee,Wisconsin,53263,414-219-7387,209-488-9415
Morlee,Gration,3766 Northland Lane,Great Neck,New York,11024,516-563-4168,515-696-4423
Bernelle,Clemanceau,78 Ramsey Park,Rochester,New York,14604,585-357-2347,253-688-3641
Gerri,Costell,8 Talmadge Alley,Whittier,California,90605,626-373-6958,240-309-9163
Adlai,Dickenson,33 5th Pass,Hampton,Virginia,23663,757-965-3104,406-626-2307
Ethe,Yetton,02 Forest Dale Terrace,Port Washington,New York,11054,516-576-6258,571-250-2499
Bride,Brudenell,6 Oriole Pass,Birmingham,Alabama,35285,205-712-7576,317-250-3319
Waneta,Etridge,8 Independence Court,Corona,California,92878,951-403-3568,830-979-0945
Ilka,Dudman,98837 Donald Point,Ocala,Florida,34474,352-980-0308,313-644-0046
Angelina,Skoggins,3608 Meadow Valley Junction,New York City,New York,10292,212-653-4113,202-816-0270
Cyrus,Fenelon,5 Quincy Lane,Evansville,Indiana,47737,812-723-7257,405-268-5589
Haywood,Dennison,889 Weeping Birch Alley,Dallas,Texas,75241,469-717-9031,215-111-9886
Lonnie,Qualtro,90197 Miller Crossing,Philadelphia,Pennsylvania,19184,215-854-9182,915-632-1394
Bradan,Hegden,61 Tomscot Avenue,Greensboro,North Carolina,27499,336-452-8678,541-878-9445
Jobey,Norman,0487 International Place,Carol Stream,Illinois,60158,309-663-8652,913-749-6366
Kristien,Seeborne,75865 Spenser Point,Washington,District of Columbia,20430,202-242-4120,209-331-4706
Alex,Blewis,5 Ohio Crossing,Chattanooga,Tennessee,37416,423-105-7542,303-485-5540
Orren,Colter,46463 Briar Crest Plaza,Topeka,Kansas,66606,785-122-4615,816-115-3209
Mathe,Fayer,65748 Scoville Pass,Dallas,Texas,75216,469-398-0832,281-861-8356
Halsy,Castille,55474 Onsgard Trail,Hayward,California,94544,415-819-5912,865-889-7325
Lise,Ruane,4 Buena Vista Court,Pasadena,California,91109,626-384-9249,806-565-1509
Rachele,Priddie,76 Sage Lane,Saint Louis,Missouri,63169,314-892-3486,443-856-0173
Bryana,Ebbetts,4703 Ronald Regan Crossing,Birmingham,Alabama,35244,205-774-8341,504-312-9542
Merl,Aburrow,13275 Ridgeway Point,Norfolk,Virginia,23504,757-722-7115,850-313-9530
Petronille,Bonn,76824 Hooker Park,Oklahoma City,Oklahoma,73190,405-703-9047,502-372-5231
Phylis,Suff,36 Raven Trail,Washington,District of Columbia,20226,202-690-9130,207-647-8223
Elwood,Giacomo,9533 Main Lane,Richmond,Virginia,23213,804-195-3510,979-771-2466
Kane,Manion,831 Jenifer Alley,San Diego,California,92186,619-956-9394,816-197-4303
Sharla,Banville,01 Tony Circle,Akron,Ohio,44305,330-175-0424,718-442-9575
Stevie,Manoch,65913 Hermina Court,Battle Creek,Michigan,49018,269-439-6627,404-674-2336
Monte,Yannikov,9841 Arrowood Place,Abilene,Texas,79699,325-557-7352,626-134-5132
Angil,Witchalls,11537 Badeau Way,Oklahoma City,Oklahoma,73124,405-335-4532,757-472-5948
Buddie,Fullerton,03 Birchwood Trail,Brea,California,92822,818-141-1582,719-861-0886
Mychal,Parr,8870 Blackbird Place,Chicago,Illinois,60674,312-226-0812,915-265-8884
Sancho,Bridgwood,16108 Sunbrook Terrace,Yonkers,New York,10705,914-523-2268,559-902-3148
Willy,Beaves,6 Oneill Place,Memphis,Tennessee,38119,615-158-9289,806-878-7583
Fred,Danko,52402 Mosinee Street,Vero Beach,Florida,32964,772-776-0207,916-564-7536
Rouvin,Simonaitis,30141 4th Terrace,Arlington,Virginia,22234,571-984-6798,904-953-2250
Bekki,Norker,44703 Namekagon Terrace,Jackson,Mississippi,39210,601-295-8116,704-869-8439
Jamal,Prin,6085 Forster Lane,Pasadena,Texas,77505,713-675-4549,212-335-4954
Oona,Medlar,758 Parkside Crossing,Charleston,West Virginia,25356,304-650-6432,602-916-8393
Morie,Moogan,6356 Cherokee Drive,Huntsville,Alabama,35810,256-332-5325,716-776-6444
Sidonnie,Gonsalvez,1767 Superior Alley,Saint Louis,Missouri,63126,314-648-8846,775-945-1392
Kalina,Hayball,0 Vermont Terrace,Greensboro,North Carolina,27499,336-980-5263,617-586-0660
Phip,Burchnall,65 Roxbury Crossing,Littleton,Colorado,80161,720-191-0928,713-504-1459
Torrey,Challenger,2 Norway Maple Avenue,Philadelphia,Pennsylvania,19125,215-513-2311,661-439-1294
Marinna,Spikins,899 Welch Road,Denver,Colorado,80255,303-168-3163,623-884-5023
Nickey,Darby,0213 Cardinal Street,Honolulu,Hawaii,96815,808-132-7937,407-910-6931
Phillida,Scutchin,1 Bartillon Court,Bellevue,Washington,98008,425-208-8000,570-358-8345
Melicent,Draisey,946 Londonderry Plaza,Baton Rouge,Louisiana,70820,225-760-6932,316-656-4552
Michele,Eliaz,7727 Russell Lane,Virginia Beach,Virginia,23454,757-670-1245,916-715-1334
Toinette,Allkins,16543 Lerdahl Circle,Amarillo,Texas,79176,806-470-5336,316-894-9768
Blayne,Giaomozzo,0310 Hanover Drive,El Paso,Texas,88558,915-808-2612,203-632-4238
Leigh,Mott,447 Mendota Trail,Los Angeles,California,90015,626-139-7535,313-229-9225
Ced,Torregiani,342 Rockefeller Place,New York City,New York,10060,646-999-4096,479-460-3344
Glad,Molohan,837 Bobwhite Trail,Kalamazoo,Michigan,49006,269-351-6365,731-393-8888
Meredithe,Okeshott,476 Transport Park,Madison,Wisconsin,53705,608-630-2508,503-247-8210
Alli,McCaughren,0453 Burning Wood Pass,Punta Gorda,Florida,33982,941-806-9493,209-241-3155
Briana,Pressnell,38 Fallview Court,Battle Creek,Michigan,49018,269-406-1262,478-896-3847
Honey,Gumbrell,1698 Harbort Trail,Durham,North Carolina,27717,919-865-2793,313-125-8790
Noah,McPeck,2 Di Loreto Circle,Buffalo,New York,14263,716-432-5765,912-917-4337
Grenville,Stow,6 Armistice Trail,El Paso,Texas,88584,915-670-8264,209-271-7128
Padget,Ivanishin,79 Old Shore Parkway,Atlanta,Georgia,30343,404-589-9677,260-215-5487
Ange,Ferryman,2 Beilfuss Trail,Sioux Falls,South Dakota,57188,605-155-7344,320-601-4632
Agretha,L'argent,25417 Brown Place,Houston,Texas,77299,713-505-2320,816-514-9021
Philippine,Dailey,368 Bultman Terrace,El Paso,Texas,79928,915-339-1771,360-146-8244
Murielle,Manshaw,342 Mariners Cove Park,Harrisburg,Pennsylvania,17121,717-156-3543,804-395-8982
Barny,Exon,25 Kensington Hill,Fort Lauderdale,Florida,33305,954-945-9460,405-395-8060
Jena,Dollman,7706 Forest Alley,Vero Beach,Florida,32964,772-935-8484,814-443-9498
Adelbert,Othen,2706 Melrose Court,Syracuse,New York,13224,315-731-1226,562-700-6803
Lurette,Boeter,3365 Little Fleur Way,Des Moines,Iowa,50347,515-267-6493,347-846-3183
Ferdinande,Bottell,4 Clemons Point,Bronx,New York,10464,914-701-8490,617-991-8719
Joline,Shufflebotham,6 Manley Crossing,Saint Joseph,Missouri,64504,816-337-4725,415-840-9592
Beitris,Juleff,3776 Shelley Crossing,Waltham,Massachusetts,2453,774-186-5337,605-523-7282
Lynnell,Sidary,096 Morning Road,Sacramento,California,94207,916-608-6518,386-967-7627
Gerhardt,Kilmartin,0 International Park,Marietta,Georgia,30061,770-577-6970,318-918-5346
Sergei,Cadden,9793 Bobwhite Avenue,Fresno,California,93773,559-296-6142,561-209-0291
Marabel,Spybey,70 Dixon Junction,Chicago,Illinois,60624,773-188-7452,415-106-2916
Colan,Jones,4075 Oxford Way,San Jose,California,95173,408-400-9431,515-817-3660
Corly,Tomblett,964 Sutherland Point,Miami,Florida,33245,786-716-5815,714-348-3661
Debbie,Van Oord,893 Bonner Point,West Palm Beach,Florida,33411,954-693-6078,781-971-0886
Hali,Greenacre,1961 Oak Street,Lexington,Kentucky,40591,859-167-6146,229-965-9642
Paloma,Hamsson,0673 Carpenter Park,Littleton,Colorado,80126,720-693-9582,862-663-4310
Kara,Bewly,5484 Lawn Crossing,Pomona,California,91797,909-409-7145,203-522-8359
Link,McShirie,9899 Debs Place,Washington,District of Columbia,20319,202-604-0005,251-436-8790
Rolph,Presshaugh,4296 Eliot Park,Clearwater,Florida,34629,727-787-0402,614-416-8298
Karlis,Callis,5 Oak Valley Way,New York City,New York,10184,212-770-5105,561-934-3299
Hamid,Frank,53 Birchwood Lane,Fresno,California,93726,209-299-7491,901-740-5114
Rudyard,Treagus,3 Thackeray Drive,Los Angeles,California,90087,213-886-8859,908-932-9950
Brooke,Florentine,6851 Ramsey Street,North Port,Florida,34290,941-829-8114,212-926-2451
Florrie,Port,99797 3rd Alley,San Antonio,Texas,78240,210-575-4777,303-380-4182
Mariska,Schreurs,1627 Arrowood Pass,Fort Lauderdale,Florida,33330,954-773-0639,404-252-0406
Norrie,Baldam,6646 Hagan Center,Delray Beach,Florida,33448,561-781-8346,419-403-7402
Kain,Fairbrass,002 Melvin Avenue,Amarillo,Texas,79171,806-445-9880,801-840-7546
Abigail,Geroldo,3497 Badeau Avenue,Los Angeles,California,90065,818-104-4509,615-894-0647
Marco,Batchelour,71156 Superior Point,Hayward,California,94544,415-742-1909,954-745-6285
Iggy,Summersby,0 Hoard Pass,San Francisco,California,94177,415-951-3653,812-136-8549
Ange,Summerson,091 Florence Hill,Memphis,Tennessee,38109,901-906-3018,205-203-8548
Ibrahim,Juan,205 Manitowish Plaza,Jefferson City,Missouri,65105,573-878-6896,214-787-2525
Silvano,Handrahan,61695 Green Ridge Park,Washington,District of Columbia,20046,202-568-9606,972-764-2862
Ellis,Tofpik,6392 Aberg Terrace,Kissimmee,Florida,34745,407-187-7174,301-468-2038
Grazia,Dosdell,83 Grayhawk Drive,West Palm Beach,Florida,33411,954-182-4639,941-922-3317
Base,Olech,91190 Banding Park,Albuquerque,New Mexico,87110,505-250-6388,972-695-1423
Dorey,Emmitt,2306 Eagan Circle,Fresno,California,93794,559-238-8111,509-935-2549
Cherin,Dewey,75872 Stone Corner Crossing,Pasadena,California,91117,626-192-2573,772-982-0646
Janek,Hearnah,3912 Pierstorff Way,San Bernardino,California,92424,909-363-5813,702-662-3273
Hersch,Kike,7 Colorado Crossing,Brooklyn,New York,11241,347-628-4700,785-786-9693
Kingsly,Espin,99686 1st Hill,Denver,Colorado,80299,720-519-4117,405-613-2010
Derek,Mercey,37 Miller Hill,Nashville,Tennessee,37215,615-301-0341,603-546-8886
Anna,Conant,5153 Caliangt Crossing,South Bend,Indiana,46620,574-548-0340,502-153-9853
Ottilie,Chamberlaine,522 Emmet Alley,Denver,Colorado,80217,303-700-6470,352-631-6029
Orren,Mouser,139 Debs Alley,Baton Rouge,Louisiana,70894,225-376-3787,530-621-8169
Yasmin,O'Henecan,3825 Merry Trail,Winston Salem,North Carolina,27150,336-636-7764,336-887-5632
Toni,Busen,23315 Sloan Street,Austin,Texas,78721,512-824-3608,323-671-6704
Aguistin,Kippie,8114 Lunder Avenue,Montgomery,Alabama,36195,334-100-7573,718-852-6519
Brunhilde,Couser,54631 Karstens Alley,Cleveland,Ohio,44191,216-944-8068,413-639-5936
Daniel,Wasmer,5 Nelson Way,Sacramento,California,95894,916-653-3213,251-337-3551
Wylma,Fattorini,50 Oneill Point,Toledo,Ohio,43656,419-698-3271,206-224-3786
Armando,Stellman,0594 Hovde Road,Arlington,Virginia,22244,571-907-5784,405-492-1504
Tanitansy,Vellacott,86896 Heath Point,Kansas City,Missouri,64130,816-451-2079,505-947-4786
Cherise,Haynes,534 Ohio Park,Vienna,Virginia,22184,571-848-4129,708-750-2280
Nert,Sercombe,319 South Pass,Denton,Texas,76205,940-814-4216,704-981-6423
Bondie,Sleany,9698 Mariners Cove Way,Des Moines,Iowa,50305,515-794-9219,602-546-4393
Colman,Gibbard,95868 Clyde Gallagher Hill,Bethesda,Maryland,20892,301-748-5131,801-667-3640
Demott,Czajka,0 Express Plaza,San Mateo,California,94405,805-930-2135,801-451-1177
Jon,Kilpin,4 Spaight Center,Aurora,Colorado,80044,303-203-1314,915-992-8771
Jaquenetta,Dombrell,48863 Hoard Court,Green Bay,Wisconsin,54313,920-518-7807,212-521-2416
Roxanna,Buncombe,842 Cody Circle,Milwaukee,Wisconsin,53220,414-723-7273,772-666-6457
Yard,Chartres,247 Reinke Crossing,Buffalo,New York,14220,716-856-7192,304-753-8416
Sauncho,Checci,69088 Golf Course Way,Sacramento,California,94207,916-493-4728,513-187-6292
Sapphire,Kassidy,4 Jana Junction,Bronx,New York,10454,718-481-8505,419-162-0741
Ber,Fontes,3 Arrowood Parkway,Arlington,Texas,76011,682-101-2969,202-837-5322
Lauraine,Marshfield,27854 Oak Valley Lane,Arlington,Virginia,22244,571-340-6849,509-379-5162
Teodoro,Nelle,77 Rigney Trail,Washington,District of Columbia,20205,202-581-8824,404-125-0510
Katti,Shawdforth,0933 Shoshone Place,Mc Keesport,Pennsylvania,15134,412-263-5582,916-218-8066
Si,McMillan,811 Holy Cross Lane,San Diego,California,92132,619-342-3100,910-394-6305
Virgie,Carless,47671 Autumn Leaf Lane,Montpelier,Vermont,5609,802-967-1536,904-716-0438
Colas,McVeighty,799 Stang Avenue,Washington,District of Columbia,20392,202-803-8244,517-848-0586
Trix,Kunzel,3 Welch Center,Portland,Oregon,97221,503-305-8940,434-580-5453
Sasha,Delicate,1846 Moulton Terrace,Lincoln,Nebraska,68524,402-154-4118,412-695-6278
Lynette,Adamovitz,18951 Briar Crest Center,Elmira,New York,14905,607-959-5982,260-856-3034
Thia,McRavey,00090 Onsgard Pass,Pittsburgh,Pennsylvania,15205,724-347-4362,808-322-9271
Henriette,Bollini,7215 Victoria Street,Miami,Florida,33158,305-763-2101,202-524-4503
Tomasine,Repp,16 Rockefeller Circle,Birmingham,Alabama,35242,205-898-0550,646-420-6985
Susi,Growden,53971 Waubesa Hill,Norfolk,Virginia,23551,757-487-4458,952-235-4030
Amalea,Bywaters,349 Nobel Lane,Joliet,Illinois,60435,815-307-4611,832-147-5515
Layton,Uzzell,39 Texas Avenue,Durham,North Carolina,27717,919-835-1583,281-121-1894
Glori,Chiswell,81472 Bay Alley,San Antonio,Texas,78205,210-796-3706,520-632-8180
Amerigo,Feldheim,79 Fair Oaks Junction,San Francisco,California,94110,415-392-6692,812-352-5171
Franzen,Reyne,8963 1st Crossing,Raleigh,North Carolina,27690,919-145-5571,850-406-6031
Sarge,Graser,125 Truax Terrace,Atlanta,Georgia,30340,770-699-5992,202-208-9092
Tad,Penman,58 Spaight Terrace,Myrtle Beach,South Carolina,29579,843-625-4211,571-685-8940
Griselda,Claxton,70788 Wayridge Road,Scottsdale,Arizona,85260,480-228-8045,816-514-1982
Reider,Thresh,0 Ludington Pass,Waterbury,Connecticut,6721,203-940-4848,305-646-9957
Alaric,Slingsby,22 Park Meadow Lane,Albuquerque,New Mexico,87190,505-985-7045,716-605-0483
Tatiania,MacKeogh,95 Moland Hill,Hollywood,Florida,33023,305-506-1536,402-946-2528
Melita,Vickerman,98328 South Street,Trenton,New Jersey,8638,609-771-5597,619-645-7176
Lorna,Dillway,34448 Jenifer Court,Sioux Falls,South Dakota,57110,605-832-9198,909-584-9456
Sylvester,Dudin,2660 2nd Terrace,Pittsburgh,Pennsylvania,15215,412-568-9294,214-211-5275
Mattias,Haddleston,7 Burrows Street,Phoenix,Arizona,85010,602-845-4482,754-974-5842
Anatol,Bubbear,90 Anhalt Park,Winston Salem,North Carolina,27110,336-314-6824,251-503-6178
Stephenie,Phillpot,3 Elgar Place,Colorado Springs,Colorado,80951,719-871-3462,504-331-6123
Blair,Mortimer,25044 Carpenter Avenue,Tyler,Texas,75710,903-391-0800,202-858-6231
Felizio,Peyes,85766 Karstens Drive,Atlanta,Georgia,30375,404-232-8063,615-260-5379
Franciskus,Costello,1 Grim Parkway,Colorado Springs,Colorado,80945,719-726-4038,404-358-0419
Darill,Meeke,009 Golf Course Parkway,Bronx,New York,10469,718-673-1345,801-784-5493
Massimiliano,Shillito,89 Hanson Road,Kansas City,Missouri,64149,816-141-6400,916-509-7473
Isaak,Boise,60815 Linden Avenue,Erie,Pennsylvania,16565,814-278-0159,432-100-8339
Courtney,Mangion,0 Twin Pines Street,San Diego,California,92115,619-551-4117,406-618-2884
Laurice,Ferrai,8 Merry Point,Shawnee Mission,Kansas,66210,816-806-3528,478-247-4112
Clem,McKeveney,169 Logan Park,Detroit,Michigan,48232,313-247-8895,407-388-1665
Mae,Greenshields,4 Evergreen Pass,Santa Monica,California,90405,310-577-9164,540-559-0169
Jeannine,Dunan,2 Crescent Oaks Drive,East Saint Louis,Illinois,62205,618-671-7963,806-298-7673
Katha,Goodlake,3 Sutteridge Crossing,Denton,Texas,76205,940-144-0648,425-664-6907
Kristien,Hunnicot,87 Claremont Pass,Houston,Texas,77045,281-380-1591,615-673-5100
Arther,de Copeman,14639 Sutteridge Circle,Boise,Idaho,83722,208-235-4885,512-457-4013
Othilia,Glassborow,3 Ruskin Hill,Philadelphia,Pennsylvania,19178,215-538-8108,513-753-8823
Franny,Hanny,2 Northwestern Drive,Boulder,Colorado,80328,303-748-4646,208-629-4418
Tammie,Tonn,8 Hintze Road,New Orleans,Louisiana,70142,504-591-8633,516-599-5037
Livia,Lidgett,199 Dwight Park,Seattle,Washington,98166,253-565-8302,786-675-8926
Pierre,Wiburn,5499 Transport Circle,Chicago,Illinois,60697,312-242-1741,407-688-9050
Nevile,Dener,65286 Kim Crossing,Boise,Idaho,83722,208-215-4502,407-407-3413
Donnie,Waite,489 Dennis Plaza,Atlanta,Georgia,30358,404-605-8873,210-394-9108
Debera,Renowden,1 Bluejay Court,Littleton,Colorado,80161,303-364-6098,443-608-5958
Kirstyn,Taylot,079 Warner Junction,Frederick,Maryland,21705,240-408-0358,719-815-1580
Tamiko,Bills,1423 Artisan Alley,Washington,District of Columbia,20319,202-169-7645,512-467-9999
Trever,Sidgwick,2049 Monica Center,Humble,Texas,77346,281-982-0717,713-166-5110
Annissa,Ferney,890 Corry Court,Fort Collins,Colorado,80525,970-213-1223,423-969-3460
Matthaeus,Diviney,41 Maple Wood Crossing,Valley Forge,Pennsylvania,19495,484-891-8192,510-479-2897
Gawen,Hawley,91 Mayer Place,Cleveland,Ohio,44177,216-131-5904,832-917-4569
Christel,Hayer,09 Merry Street,San Antonio,Texas,78250,210-123-3040,205-535-8222
Merrili,Munton,7 Lunder Place,Chico,California,95973,916-460-6789,901-774-6563
Janetta,McKane,290 Moulton Parkway,North Hollywood,California,91616,213-291-2131,602-510-7434
Pepita,Eyckelberg,2 Chinook Avenue,Omaha,Nebraska,68117,402-904-3202,801-155-0026
Gawen,Polon,690 Browning Avenue,Newark,Delaware,19714,302-829-0206,952-228-1824
Grethel,Twidale,76 Hauk Avenue,Norman,Oklahoma,73071,405-657-2773,563-707-6553
Hanny,Kirkman,9599 Carey Trail,Indianapolis,Indiana,46266,317-473-0436,269-954-4355
Tam,Whitby,31 Dottie Crossing,Los Angeles,California,90015,213-853-9838,518-525-7911
Jacklyn,Winger,26 Nevada Hill,Macon,Georgia,31217,912-116-2924,520-722-8343
Northrop,Buckel,959 Spohn Road,Sacramento,California,94245,916-836-5885,763-485-4666
Stace,Frame,64 Crescent Oaks Hill,Nashville,Tennessee,37215,615-657-7723,859-959-8349
Kelci,Grob,387 Westport Lane,Saint Petersburg,Florida,33737,727-151-6607,410-575-4182
Louise,Gilardoni,13 Bluejay Circle,Warren,Michigan,48092,586-703-9002,309-122-8212
Elfrieda,Oehm,5283 Shasta Crossing,Winston Salem,North Carolina,27105,336-149-3958,202-808-0751
Monty,Mossom,53 Pierstorff Trail,Charleston,West Virginia,25321,304-274-6364,801-227-1129
Lloyd,Bice,12800 Starling Way,Vancouver,Washington,98682,360-921-3572,602-489-8153
Erick,Hunnywell,7 Annamark Circle,Lincoln,Nebraska,68505,402-800-7719,770-244-6445
Amalia,Fitzpayn,897 Tomscot Alley,Boise,Idaho,83722,208-504-9476,410-596-0698
Briny,Corbould,441 Del Sol Center,Pasadena,California,91125,626-698-6611,571-600-3860
Letizia,Bofield,1 4th Trail,Cleveland,Ohio,44125,216-859-0381,806-958-9602
Lexi,Constanza,5 Pearson Hill,Austin,Texas,78726,512-132-9620,228-130-2689
Isabelle,Bosma,6 Maple Parkway,Prescott,Arizona,86305,928-887-4942,321-421-3493
Anthea,Stailey,35178 Dakota Hill,Washington,District of Columbia,20508,202-991-4884,941-737-5259
Hasheem,Duckitt,124 Westridge Terrace,Hollywood,Florida,33028,954-548-2667,941-156-5417
Barry,Blind,88 Lunder Hill,Naples,Florida,34102,941-549-1772,313-667-9025
Lishe,Risdale,78 Crowley Park,Houston,Texas,77206,713-714-1375,225-929-8047
Lauren,Henighan,125 Killdeer Alley,Lexington,Kentucky,40596,859-130-7569,757-946-0907
Griffie,Longhi,290 Derek Street,Washington,District of Columbia,20310,202-655-0485,336-595-3074
Felipe,Ruttgers,44 Mcguire Avenue,Corpus Christi,Texas,78470,361-741-2037,609-123-8737
Carny,Klosser,92839 Red Cloud Way,Cincinnati,Ohio,45271,513-240-7773,713-658-3787
Meggi,Ragbourn,9861 Carberry Pass,Phoenix,Arizona,85099,602-159-5019,716-382-9549
Lemmy,Slayny,1372 Del Sol Center,Kansas City,Missouri,64179,816-748-5682,502-468-3806
Ermina,Eyree,5 Heffernan Street,Philadelphia,Pennsylvania,19191,215-838-0958,334-337-4512
Hallie,Gudger,9944 Twin Pines Plaza,Lexington,Kentucky,40586,859-415-8675,843-281-2487
Pippy,Gerlack,210 Buhler Point,Syracuse,New York,13251,315-729-2587,713-842-4214
Hollyanne,Yeatman,5345 Grim Drive,Las Vegas,Nevada,89178,702-470-6005,303-150-3491
Rad,Doyle,171 3rd Trail,Tucson,Arizona,85754,520-893-1953,352-979-4820
Katherine,Pavelin,43 Macpherson Parkway,Concord,California,94522,925-862-6639,408-871-2114
Elvera,Clavey,62 Old Shore Plaza,Arlington,Texas,76096,817-935-1000,562-625-5932
Opaline,Hartman,947 Starling Alley,Muncie,Indiana,47306,765-498-0801,573-988-9251
Claribel,Weir,20377 Karstens Place,New Hyde Park,New York,11044,516-757-1564,413-338-8270
Elias,Phalp,322 Hanover Plaza,Atlanta,Georgia,30316,404-880-8073,901-931-0063
Annecorinne,Emblem,68132 Prairieview Alley,Asheville,North Carolina,28805,828-173-9592,806-597-5034
Riobard,Beckers,3 Leroy Terrace,Des Moines,Iowa,50981,515-409-7952,214-675-8691
Alexis,Kleinpeltz,187 Larry Way,Lakewood,Washington,98498,253-477-9611,256-990-9341
Luciana,Ricco,74770 Oxford Avenue,Milwaukee,Wisconsin,53220,414-379-0565,360-960-4971
Glynn,McEntee,56557 Jenna Junction,Louisville,Kentucky,40266,502-799-3382,619-287-1161
Slade,Fri,50 Talmadge Way,Baltimore,Maryland,21265,410-734-7769,309-139-3180
Corliss,Schrinel,78 Farragut Place,New Orleans,Louisiana,70142,504-861-2960,718-394-7120
Reena,Covotto,776 Scott Terrace,Hartford,Connecticut,6120,860-804-3889,859-821-1461
Loise,Stronough,5684 6th Place,Madison,Wisconsin,53785,608-521-0659,239-798-4187
Nichol,Mackley,50 Manley Center,Los Angeles,California,90030,213-682-6745,214-443-5264
Florencia,Blaxeland,4 Debra Terrace,Toledo,Ohio,43635,419-317-6224,972-616-3014
Philip,McNulty,9437 Fordem Street,Nashville,Tennessee,37240,615-998-8478,703-679-1418
Caralie,Franey,455 Beilfuss Park,Waterbury,Connecticut,6705,203-612-1458,314-538-8915
Ophelia,Kinzel,688 Drewry Lane,Washington,District of Columbia,20430,202-961-0537,309-720-5034
Margaret,Weatherburn,969 Thompson Center,Bowie,Maryland,20719,240-935-4354,714-809-1853
Ferd,Clunan,4763 Johnson Drive,Salt Lake City,Utah,84110,801-560-6968,609-607-3296
Harli,Abdee,44 Roth Park,Springfield,Illinois,62776,217-382-2705,913-849-7276
Renelle,Romushkin,25006 Clarendon Junction,Metairie,Louisiana,70033,504-856-8360,718-369-4605
Jeremy,Lundbech,72436 Cascade Drive,Tampa,Florida,33610,813-221-2317,559-655-9828
Pearle,Boyland,7 Sherman Center,Manassas,Virginia,22111,434-915-8985,651-750-9347
Shaylyn,Rowdell,6872 Blue Bill Park Pass,Philadelphia,Pennsylvania,19151,610-287-6068,336-756-7949
Yule,Moyers,2 Magdeline Drive,Waltham,Massachusetts,2453,774-590-2129,336-840-8081
Sansone,Dine-Hart,1165 Mifflin Court,Schaumburg,Illinois,60193,312-123-1270,239-471-5277
Anselma,Ead,15 Milwaukee Crossing,Atlanta,Georgia,30368,404-711-6305,818-310-0408
Emmeline,Engelmann,57 Dovetail Plaza,Buffalo,New York,14225,716-985-9802,713-387-5948
Tadd,Oldam,845 Donald Crossing,Waterbury,Connecticut,6721,203-770-0465,713-374-8810
Aime,Egarr,85979 Emmet Crossing,Jacksonville,Florida,32277,904-144-3038,901-513-1516
Berny,Rubery,2 Mandrake Pass,Orange,California,92668,858-443-4896,412-246-9216
Suzie,Remon,2 Carey Street,Boston,Massachusetts,2104,318-879-2389,727-171-4010
Otho,Houseman,1 Tony Circle,Valley Forge,Pennsylvania,19495,484-259-6126,859-225-8727
Bamby,Frotton,78 Lerdahl Alley,New Orleans,Louisiana,70116,504-182-9021,612-244-2902
Mable,Rekes,8477 Hagan Way,Orange,California,92668,760-197-0681,309-267-6702
Nolan,Buffery,036 Hoepker Trail,Augusta,Georgia,30905,706-428-5238,513-256-0774
Hastie,Tebbut,56148 Sherman Circle,Palm Bay,Florida,32909,561-545-9802,415-265-3542
Josepha,Cordaroy,4480 Tomscot Court,Oklahoma City,Oklahoma,73109,405-201-9729,509-964-2430
Mikaela,Cabena,5376 Warner Crossing,Lansing,Michigan,48912,517-531-2633,605-150-6153
Anny,Abbate,30 Bay Avenue,White Plains,New York,10606,914-832-9852,610-795-2102
Jarrod,Bantock,83599 Green Drive,Lansing,Michigan,48912,517-628-5520,304-780-1766
Shandie,Koppens,43 Pawling Park,Mc Keesport,Pennsylvania,15134,412-883-3320,704-343-6344
Ingelbert,Willavoys,71 Arapahoe Crossing,Columbus,Ohio,43268,614-940-6756,559-523-2628
Bobbye,Staggs,9 Grayhawk Circle,Hartford,Connecticut,6160,860-124-6484,318-492-8656
Elwood,Ipwell,61 Oakridge Pass,Allentown,Pennsylvania,18105,610-961-1693,832-729-7774
Nana,Celier,74 Hudson Trail,Little Rock,Arkansas,72231,501-598-6798,515-214-3324
Maxine,O'Dulchonta,514 Old Gate Drive,Fresno,California,93773,559-548-5163,386-211-2798
Dominik,Vinker,57490 Killdeer Pass,Pinellas Park,Florida,34665,850-131-3877,251-288-8000
Kermit,Plose,586 Anzinger Pass,Peoria,Illinois,61640,309-983-9576,405-520-8532
Zollie,Pesek,88 Melvin Circle,Bakersfield,California,93381,661-992-1605,225-546-9345
Julie,Killingworth,8814 Park Meadow Lane,Columbia,South Carolina,29220,803-636-7556,757-904-0303
Giacobo,Master,8 Utah Street,Bakersfield,California,93311,805-285-6720,212-484-8848
Klarika,Bromet,8690 Longview Way,Pensacola,Florida,32526,850-261-6557,941-581-0573
Laurent,Ayer,17 East Crossing,Des Moines,Iowa,50330,515-796-6167,763-402-6615
Brittan,Withrington,35783 Thackeray Point,Trenton,New Jersey,8619,609-534-1558,912-672-1797
Elsbeth,Egentan,84789 Lillian Trail,Tucson,Arizona,85705,520-342-4907,415-566-0446
Annamaria,Mousdall,6993 Nova Court,Pensacola,Florida,32590,850-709-6389,304-414-0838
Lucais,Berzin,7 Onsgard Parkway,Chandler,Arizona,85246,602-741-9680,214-299-7951
Skylar,Stuckow,506 Westerfield Drive,Montgomery,Alabama,36104,334-161-0160,817-767-6632
Ailey,Churchward,7642 Dixon Center,Tulsa,Oklahoma,74193,918-139-7876,816-572-5726
Kelsi,Dudderidge,61 Green Court,Columbus,Georgia,31998,706-607-1921,559-173-6621
Nomi,Dalrymple,49896 Marcy Trail,New Orleans,Louisiana,70116,504-102-8063,775-281-4332
Cornie,Strotone,684 Stuart Pass,Fort Worth,Texas,76134,817-811-2847,719-940-2514
Tabby,McKinless,7 Ryan Drive,Riverside,California,92513,951-508-9444,816-479-1205
Terrill,Casel,277 Graceland Avenue,El Paso,Texas,88584,915-560-8403,615-600-4476
Udell,Peart,78 Acker Court,San Diego,California,92132,858-418-3383,304-642-7482
Truda,Grombridge,749 Fisk Trail,San Diego,California,92145,619-194-7665,678-146-4702
Eve,Kittley,19431 Johnson Crossing,Billings,Montana,59112,406-657-5920,757-898-8852
Merilyn,Morshead,515 Claremont Trail,Panama City,Florida,32405,850-628-3352,215-383-8434
Emyle,Alabaster,446 Eastlawn Road,Washington,District of Columbia,20299,202-268-6196,305-166-2528
Terrijo,Penella,2853 Sutherland Place,Washington,District of Columbia,20067,202-178-8589,702-701-4303
Syman,Pimmocke,11726 Straubel Avenue,Newport News,Virginia,23605,757-892-7605,305-421-5576
Jerad,Groundwator,1764 Becker Avenue,Plano,Texas,75074,469-745-3214,907-704-1733
Willabella,Elphinstone,54734 Granby Crossing,Jamaica,New York,11407,516-442-4500,518-788-2732
Louise,Leckey,018 Hayes Point,Omaha,Nebraska,68164,402-489-2561,786-612-5534
Vanna,Ilymanov,311 Debs Place,New York City,New York,10090,212-669-2813,646-637-1772
Rafaelia,Gallo,8 Westport Alley,Brooksville,Florida,34605,352-738-1703,508-394-9281
Tammi,Surgener,9 Oneill Crossing,Miami,Florida,33245,786-975-2487,907-531-8574
Zedekiah,Rapier,003 Welch Alley,Colorado Springs,Colorado,80995,719-767-6924,412-683-6286
Jobey,Jura,996 Loftsgordon Park,Bakersfield,California,93311,661-559-9627,760-496-4391
Elizabeth,Syddall,5405 Washington Park,Anaheim,California,92825,714-783-8177,417-408-3892
North,D'Adda,0 Green Ridge Plaza,Fargo,North Dakota,58122,701-541-5041,601-379-8982
Wakefield,Vile,5 Kenwood Park,Littleton,Colorado,80127,303-535-2470,216-671-6099
Damon,Ducrow,09064 Old Gate Terrace,Atlanta,Georgia,30368,404-203-5402,915-115-1865
Lenora,Jeratt,032 Randy Avenue,Terre Haute,Indiana,47805,812-449-1729,505-570-3148
Augusto,Crow,09 Corben Road,San Luis Obispo,California,93407,805-319-8017,571-119-1730
Willabella,Balaison,64543 Tomscot Avenue,Appleton,Wisconsin,54915,920-120-1523,317-383-4079
Gelya,Kingsnoad,690 Springs Pass,Sacramento,California,95894,916-988-0343,505-165-7099
Kenna,Wistance,76 Roxbury Lane,Denver,Colorado,80262,303-604-0548,912-954-3082
Jenine,Limpertz,32788 Dayton Road,Wichita,Kansas,67210,316-849-2535,757-293-7093
Molli,Tallant,6418 Sloan Road,Houston,Texas,77212,713-524-8852,937-603-9747
Priscella,Pyburn,876 Independence Terrace,Manassas,Virginia,22111,434-316-8029,330-790-6979
Mendel,Kingdon,3 Fordem Lane,Charlotte,North Carolina,28215,704-131-7535,702-422-1260
Valida,Hornbuckle,190 Harper Street,Charlotte,North Carolina,28215,704-288-5562,206-235-6541
Kassey,Prine,8435 Cardinal Hill,Mobile,Alabama,36689,251-865-0361,727-572-3846
Anne-marie,Wimlet,8289 Eagan Trail,Buffalo,New York,14210,716-614-8137,615-137-8684
Eulalie,Seville,36803 Mandrake Alley,Tacoma,Washington,98405,253-100-6846,323-790-3338
Emelda,Matonin,09 Center Plaza,Birmingham,Alabama,35242,205-924-9414,402-266-9693
Layton,Yurenin,6956 Paget Park,Salt Lake City,Utah,84115,801-759-3668,713-872-9175
Ode,Wooffitt,34 Cody Point,Saint Paul,Minnesota,55123,952-618-3545,617-314-1992
Jean,Restorick,6677 Paget Junction,Jackson,Mississippi,39204,601-991-1121,909-920-0962
Julius,Willoughway,0912 Center Street,Decatur,Georgia,30033,678-541-3584,508-983-5912
Letizia,Zanetti,9 Chive Road,Philadelphia,Pennsylvania,19191,215-987-3734,718-296-0030
Tricia,Sabatier,6 Merchant Lane,Cedar Rapids,Iowa,52405,319-714-1696,949-663-9987
Cody,Toolan,0665 Miller Circle,Petaluma,California,94975,707-966-4816,256-783-8411
Clemence,Jimenez,56 Grayhawk Junction,Trenton,New Jersey,8638,609-657-9164,512-598-2187
Katharyn,Shank,88730 Kinsman Lane,New Orleans,Louisiana,70154,504-236-9125,240-468-0200
Aili,Landal,57918 Bartelt Place,Nashville,Tennessee,37245,615-325-8730,251-106-9396
Pooh,Giraths,2 Mcguire Court,Tacoma,Washington,98417,253-275-3230,617-133-2990
Dario,Halbert,40327 Charing Cross Terrace,Spokane,Washington,99252,509-396-5284,303-991-4915
Donavon,Winger,899 Schiller Terrace,Waterloo,Iowa,50706,319-383-9360,971-240-1193
Arv,Francklin,22768 Cascade Park,Charleston,West Virginia,25321,304-722-4214,512-471-9743
Melvyn,Carlow,4481 Knutson Avenue,Rochester,New York,14604,585-221-4074,513-320-5934
Trev,Hoston,3652 Barby Point,Las Cruces,New Mexico,88006,505-159-4961,303-637-7830
Gael,Beecham,65 7th Center,Canton,Ohio,44705,330-462-9474,406-588-2133
Cindi,Sutherden,6073 Monica Center,Miami,Florida,33180,954-926-3546,512-574-4538
Blinnie,Vondrach,33811 Spohn Alley,Richmond,Virginia,23242,804-347-1233,928-216-2792
Shina,Allon,9 Hanson Road,Houston,Texas,77281,713-178-7494,920-672-6540
Levin,O'Mullally,7 Oak Valley Court,El Paso,Texas,79916,915-701-6678,609-797-1748
Janeva,Fennick,96 Ruskin Place,New Orleans,Louisiana,70116,504-907-5108,626-592-4348
Desirae,Drinnan,71 Portage Place,Cincinnati,Ohio,45233,513-418-3782,559-293-6620
Cammy,O'Neill,02387 Memorial Court,Portland,Oregon,97211,208-623-7409,318-284-9113
Boote,Paxforde,1 Independence Court,Chicago,Illinois,60663,312-128-3017,219-585-5747
Verna,Cariss,2 Debs Park,Pensacola,Florida,32526,850-469-5648,304-768-1011
Anson,Brydone,21 Algoma Parkway,Oklahoma City,Oklahoma,73104,405-741-8428,419-361-7571
Nick,Martinovsky,66 Debra Hill,Springfield,Missouri,65805,417-838-8269,212-908-4591
Arlen,Crowcroft,8 Dexter Center,Norfolk,Virginia,23509,757-502-0638,925-740-3037
Ruperta,Kemmis,1 Lillian Court,Indianapolis,Indiana,46247,317-379-2655,803-258-5180
Marys,Harnott,65 Eggendart Street,Independence,Missouri,64054,816-270-0397,812-698-2076
Ferrel,Tonry,7 Bunker Hill Court,Palo Alto,California,94302,650-443-4889,650-203-3142
Mead,Colledge,3 Warrior Pass,Birmingham,Alabama,35242,205-277-7696,240-593-7829
Isaak,Helsdon,8 Bashford Street,Santa Fe,New Mexico,87505,505-510-2886,-2400
Keely,Teesdale,5335 Rowland Circle,Orlando,Florida,32830,407-768-9337,515-392-0646
Vaclav,Brignell,12777 Grover Point,Sacramento,California,94245,916-948-5005,206-139-8599
Corilla,Bennet,748 Superior Way,Valdosta,Georgia,31605,229-181-6806,318-648-9049
Enriqueta,Venton,2 Everett Place,Tucson,Arizona,85710,520-597-5248,818-975-9369
Caitrin,Alessandrucci,23864 Pierstorff Point,Saint Cloud,Minnesota,56372,320-958-4470,408-998-9429
Cathleen,Siggery,71 Debs Place,Cincinnati,Ohio,45249,513-674-2996,716-383-1689
Alyce,Ninnoli,2827 Basil Parkway,Chicago,Illinois,60691,312-943-4603,928-697-6759
Hannie,Hobben,90 Myrtle Terrace,Fort Wayne,Indiana,46857,260-849-0097,269-836-3370
Jourdain,Cussins,58 Cascade Park,Bronx,New York,10474,917-747-0935,515-579-7832
Selma,Leveridge,917 Valley Edge Center,Midland,Michigan,48670,989-598-7125,254-145-5648
Doretta,Geddis,1105 Bobwhite Street,Largo,Florida,33777,727-203-4152,520-929-3841
Emera,Aleksandrev,16446 Dayton Crossing,Birmingham,Alabama,35285,205-734-2403,205-475-5536
Robbi,Landon,13 Schlimgen Way,San Antonio,Texas,78225,210-258-4617,208-543-2358
Kellyann,Hazelby,182 Fair Oaks Crossing,North Hollywood,California,91606,323-248-3491,336-848-0803
Patin,Hamsson,212 Beilfuss Street,Indianapolis,Indiana,46278,317-230-7338,212-416-9381
Sadella,Nissle,739 Hovde Circle,Clearwater,Florida,34620,727-317-2903,212-694-3986
Bradney,Eardley,632 Hanover Court,Las Vegas,Nevada,89178,702-338-9606,754-953-2968
Lorne,Stallworth,34881 Maryland Junction,Oklahoma City,Oklahoma,73147,405-859-1459,704-463-9022
Doe,Cobello,5429 Blackbird Circle,Newark,Delaware,19725,302-490-4883,619-603-9113
Erda,Ilyinykh,65 Chinook Plaza,Pasadena,Texas,77505,281-598-1683,623-840-1451
Gipsy,Celiz,920 Grasskamp Street,New York City,New York,10125,212-859-1259,206-622-4622
Karee,Okenden,78 Old Shore Road,Lakewood,Washington,98498,253-169-8543,323-155-2556
Donia,Milius,180 Shopko Crossing,San Jose,California,95133,408-544-6926,405-993-9463
Leilah,Twizell,81 Packers Point,Washington,District of Columbia,20210,202-273-0101,302-153-3286
Giustino,Arnolds,54279 Orin Road,San Jose,California,95173,408-209-5764,952-711-4360
Hedy,Oades,496 Mesta Road,Norman,Oklahoma,73071,405-703-7939,240-670-3638
Peg,Battlestone,31 Hansons Way,Huntington,West Virginia,25726,304-576-1052,571-332-0399
Faunie,Traill,9982 Forest Lane,Macon,Georgia,31217,912-541-7165,903-357-3952
Hugues,Gwin,82 Kingsford Drive,San Diego,California,92127,858-278-2431,816-773-8899
Serena,Schiesterl,4471 Hanson Parkway,Seattle,Washington,98158,360-172-1293,312-832-3549
Archaimbaud,Desporte,419 Hayes Hill,Austin,Texas,78759,512-290-4525,614-488-0389
Garrik,Battyll,5461 Jay Junction,Gatesville,Texas,76598,254-654-8750,215-765-2264
Ferd,Budgett,959 Jackson Plaza,Madison,Wisconsin,53726,608-898-4662,702-408-5843
Ricki,Suermeier,872 Lillian Junction,Atlanta,Georgia,31190,404-224-6627,862-882-6647
Anjela,Hawton,7157 Northview Park,Atlanta,Georgia,30306,770-697-1521,970-115-1088
Wilbert,Schusterl,73578 Katie Trail,Phoenix,Arizona,85099,602-538-6438,901-467-4095
Rosina,Henric,48 Continental Court,Nashville,Tennessee,37205,615-378-5467,315-767-0785
Kathryne,McCrillis,7 Algoma Terrace,Saint Paul,Minnesota,55166,651-718-2532,203-395-2333
Whitney,Deery,02077 Pierstorff Point,Abilene,Texas,79605,325-375-5116,303-125-2542
Ryun,Morrish,90924 Vidon Lane,Jefferson City,Missouri,65110,573-349-5511,432-416-6833
Melitta,Dowbekin,5530 Acker Avenue,Buffalo,New York,14233,716-127-9281,865-773-2436
Ketty,McQuaid,21 Gulseth Parkway,Stockton,California,95298,209-520-2250,850-632-4532
Bekki,Deverale,2 Hauk Park,Gainesville,Florida,32627,352-533-2673,719-519-1903
Mona,Mebius,67640 Northfield Point,Charlotte,North Carolina,28225,704-934-9448,919-743-7249
Dottie,Siddle,54 Lakewood Place,Hagerstown,Maryland,21747,240-598-1485,509-973-3936
Lorie,Ellwand,79717 Shasta Plaza,Racine,Wisconsin,53405,262-242-3762,202-637-1666
Finn,Mizzi,2465 Scott Place,Daytona Beach,Florida,32118,407-812-4985,512-196-1589
Elsa,Bodycote,09 Packers Place,Salt Lake City,Utah,84140,801-931-8222,971-423-8121
Farra,Missenden,5202 Westport Place,Salt Lake City,Utah,84120,801-994-8868,504-350-1550
Daisi,Potteridge,41 Kennedy Parkway,Milwaukee,Wisconsin,53220,414-999-3869,512-869-5855
Adi,Hudspeth,71281 Sommers Crossing,Charlotte,North Carolina,28247,704-993-2912,954-400-3756
Avivah,Hoyes,33 Westerfield Avenue,Arlington,Virginia,22244,571-836-2401,702-599-8470
Bekki,Warbys,79 Westridge Place,Trenton,New Jersey,8608,609-724-3474,202-370-4395
Lynnet,Menezes,59 1st Plaza,Washington,District of Columbia,20566,202-468-5905,404-751-5428
Maryellen,Karpeev,72 Mitchell Park,Tampa,Florida,33620,813-628-9088,717-981-9998
Cherlyn,O' Molan,53 Eastwood Way,Phoenix,Arizona,85015,602-515-4345,410-717-0914
Trudey,Yes,065 Onsgard Road,Greensboro,North Carolina,27415,336-982-1903,717-260-3522
Hanni,Santry,37 Fisk Court,Worcester,Massachusetts,1610,508-568-7279,319-110-8083
Celinda,Sandison,08 Swallow Street,Garden Grove,California,92844,714-735-4121,414-438-2208
Hodge,Pauls,92287 Clove Lane,Sioux Falls,South Dakota,57198,605-405-9698,203-398-5424
Arlie,Blumson,48367 Elka Court,Waterloo,Iowa,50706,319-300-2652,713-323-7886
Maddi,Pollitt,2 Vahlen Junction,Portland,Oregon,97255,971-452-0161,510-551-7885
Nolly,Bims,068 East Center,Kansas City,Missouri,64130,816-508-1484,704-737-7674
Luigi,Dorrance,431 Vahlen Pass,Pomona,California,91797,909-534-9261,859-234-6545
Haydon,Paulson,69824 Dryden Center,Akron,Ohio,44305,330-398-9598,515-551-8194
Donetta,Erridge,3 Drewry Pass,Fort Wayne,Indiana,46852,260-857-8523,305-351-8611
Jareb,Hannen,08 Little Fleur Point,Gary,Indiana,46406,219-194-3394,609-602-9191
Janessa,Sweetnam,43 Lake View Junction,Arlington,Texas,76016,972-813-7868,402-232-8373
Colleen,Nannini,0 Lyons Crossing,Corpus Christi,Texas,78470,361-280-3805,702-419-5046
Curr,Bigglestone,8509 Magdeline Park,Norfolk,Virginia,23514,757-778-9661,815-241-7054
Carree,Mayhow,711 Burrows Crossing,Houston,Texas,77281,713-211-0524,641-453-5738
Cullie,Lucien,234 Miller Court,Kansas City,Missouri,64109,816-364-1020,360-431-9712
Maud,Jessen,6 Clemons Road,Washington,District of Columbia,20310,202-381-9952,316-724-2463
Bob,Limmer,5624 Independence Point,Denver,Colorado,80235,303-197-5847,941-326-3229
Tate,Menier,05470 Prairieview Drive,Bethesda,Maryland,20892,301-804-1821,915-180-2537
Darbee,Vallis,15 Waywood Trail,Las Vegas,Nevada,89105,702-828-5731,202-111-9063
Erv,Ebrall,0973 Springview Court,Sandy,Utah,84093,801-392-1969,612-832-5804
Gertruda,Hostan,4 Hudson Center,Washington,District of Columbia,20078,202-592-9066,646-193-9204
Wynn,Andrioni,007 Dayton Terrace,Houston,Texas,77030,281-369-5372,210-550-8421
Angelika,Schettini,89 Graceland Pass,Jacksonville,Florida,32220,904-311-1430,414-597-8132
Ethelyn,MacCathay,69 Messerschmidt Drive,Riverside,California,92513,951-723-5908,859-870-3105
Jermain,McCully,319 Hoard Pass,Des Moines,Iowa,50393,515-710-2605,909-408-5160
Lea,Calabry,16 Dayton Pass,Grand Junction,Colorado,81505,970-854-5885,408-457-3160
Marti,Waistell,14 Havey Alley,Dayton,Ohio,45454,937-729-0275,203-143-6701
Audie,McPaike,5244 Elgar Street,Los Angeles,California,90015,562-486-7769,205-305-9864
Ame,Frodsham,27 Duke Road,Arlington,Texas,76011,214-247-3419,786-258-2919
Homere,de Bullion,82460 Straubel Terrace,Jacksonville,Florida,32215,904-429-8627,304-592-3871
Demetria,Bennen,22 Mendota Pass,Sacramento,California,94286,916-849-7137,281-229-6233
Patrizio,Ferrandez,189 Huxley Circle,Oceanside,California,92056,858-183-4862,334-958-6572
Conn,Calway,634 Corscot Junction,Seattle,Washington,98158,425-956-5455,229-856-4573
Tye,Ades,6 Superior Avenue,El Paso,Texas,88558,915-517-5405,402-121-2840
Sanderson,Larner,17 Schmedeman Point,Tulsa,Oklahoma,74156,918-834-6916,602-873-8376
Nannie,Gumme,6 Miller Court,Saint Petersburg,Florida,33742,727-353-2936,216-696-6062
Humfrey,Edwardes,114 Walton Center,Richmond,Virginia,23289,804-669-8674,901-439-2692
Issiah,Lilywhite,38 Merrick Junction,Seattle,Washington,98121,425-468-9835,510-148-4625
Portie,Sowley,66 Bluejay Street,Macon,Georgia,31296,478-587-9110,504-786-2757
Norrie,Fredson,1 Crownhardt Parkway,Brooklyn,New York,11210,718-588-2162,260-270-0374
Carson,Cissen,78 Doe Crossing Avenue,Flint,Michigan,48555,810-749-6795,937-632-2003
Coleman,Alesin,28685 Washington Center,Austin,Texas,78749,512-699-9399,682-712-6307
Dagny,Caplen,2 Gina Junction,Miami,Florida,33261,305-278-2104,843-922-1302
Hilliard,Chree,227 Talmadge Street,Wichita,Kansas,67205,316-220-7765,601-150-0607
Stefa,Butts,6077 Forest Dale Park,Atlanta,Georgia,31136,404-812-3760,480-834-6932
Porty,Layhe,92201 Vahlen Circle,Portland,Oregon,97211,208-241-8809,815-468-4446
Em,Tantum,86 Farragut Road,Boise,Idaho,83711,208-283-3808,314-824-4414
Aurelea,Saltern,71 Jenifer Pass,Atlanta,Georgia,30343,404-320-9865,781-435-7420
Hortense,Bartrop,06582 Loeprich Center,Madison,Wisconsin,53779,608-668-3692,757-569-3336
Perry,Dakhov,82 Magdeline Lane,New York City,New York,10150,212-649-2609,808-846-5332
Hamlin,Vinck,079 Straubel Lane,Los Angeles,California,90055,213-726-7007,210-917-8704
Galvin,Colrein,30 Clarendon Terrace,Bloomington,Illinois,61709,309-456-8501,808-349-1708
Geraldine,Ferraresi,0436 International Avenue,Madison,Wisconsin,53779,608-969-9090,716-678-3959
Vinson,Gentiry,26 Eastlawn Center,Pittsburgh,Pennsylvania,15235,724-657-0264,910-548-1769
Minetta,Wilshire,24272 Jay Trail,Austin,Texas,78769,512-224-4958,571-711-4745
Lorenzo,Pauly,39 Anhalt Terrace,Buffalo,New York,14263,716-591-2383,915-563-0134
Leonie,Simson,7 Sullivan Parkway,Santa Barbara,California,93111,805-722-0085,865-519-7448
Anna,Derx,891 Vernon Park,Topeka,Kansas,66606,785-844-5291,619-478-7083
Ainslee,Vollam,7023 Del Sol Road,Washington,District of Columbia,20404,202-338-0797,512-803-4899
Mikey,Old,2 Blaine Avenue,Denver,Colorado,80235,303-911-2719,702-623-8250
Brigg,Stangoe,3109 Schmedeman Drive,Silver Spring,Maryland,20918,240-407-3402,408-786-1582
Clyve,O'Corhane,24295 Shelley Parkway,Stockton,California,95210,209-649-7898,256-182-9028
Dare,Cunde,3571 Westport Hill,Jefferson City,Missouri,65105,573-232-1266,941-448-0317
Colas,Corn,83200 Straubel Point,Cleveland,Ohio,44177,216-275-9876,713-513-7403
Guillema,Giabucci,81 Burning Wood Drive,Amarillo,Texas,79116,806-927-7917,651-103-4212
Deana,Joseph,59044 Lukken Circle,Macon,Georgia,31210,478-293-1071,915-125-7925
Cammy,McKendo,37 3rd Crossing,Austin,Texas,78710,512-606-5200,225-225-1985
Marie-jeanne,Ewan,8732 Warbler Junction,New York City,New York,10014,212-541-4384,202-329-4638
Alayne,Von Der Empten,04 Oak Road,Nashville,Tennessee,37215,615-564-3953,786-996-9581
Ody,Antwis,08 Pierstorff Street,Arlington,Texas,76004,817-765-4050,718-833-1167
Fidel,Bennie,5 Meadow Vale Crossing,Phoenix,Arizona,85083,602-998-6636,559-197-1936
Jackelyn,Rush,17678 Dawn Crossing,Anchorage,Alaska,99507,907-390-0101,317-966-3257
Valentine,Leinster,6 Center Junction,Washington,District of Columbia,20099,202-734-2930,405-155-2681
Vidovik,Macauley,049 Kinsman Avenue,Vienna,Virginia,22184,571-812-9925,304-889-8699
Thebault,Grayshon,312 Badeau Parkway,Shreveport,Louisiana,71151,318-682-8736,609-342-4041
Rozanna,McCloud,64444 Ryan Parkway,Birmingham,Alabama,35279,205-462-1645,330-299-3107
Henrik,Bracegirdle,9902 Dixon Circle,Arlington,Virginia,22244,571-388-4694,520-680-0246
Elbertine,Keller,34 Thackeray Way,Nashville,Tennessee,37210,615-654-7101,615-857-9692
Stephana,Stit,13606 Jay Trail,Cincinnati,Ohio,45213,513-997-8319,281-196-6254
Rebe,Redmile,0 Schlimgen Pass,New Orleans,Louisiana,70154,504-664-4935,412-728-1422
Shawnee,Cotes,139 Charing Cross Trail,Wichita,Kansas,67236,316-357-5176,858-880-6839
Natasha,Treble,72 Packers Parkway,Atlanta,Georgia,30328,404-968-6525,719-658-4128
Ingmar,Solesbury,7 Burning Wood Avenue,Carol Stream,Illinois,60351,309-565-2881,714-547-3448
Chen,Le Pruvost,1811 Holmberg Trail,Charlotte,North Carolina,28215,704-976-2373,915-184-0633
Aleen,Kment,982 Forest Dale Junction,Evansville,Indiana,47719,812-327-3465,202-897-5352
Jeannie,Clarage,7159 Di Loreto Court,Riverside,California,92505,909-301-1888,816-270-9567
Alanah,Gobat,43582 Petterle Street,Lexington,Kentucky,40510,859-840-2559,540-662-6194
Eward,Whitby,02 Elka Alley,Morgantown,West Virginia,26505,304-762-8771,301-591-9685
Georgie,Rigby,08213 Aberg Street,Lexington,Kentucky,40596,859-428-6774,937-552-9740
Tracee,Balsdon,79 7th Parkway,Saint Louis,Missouri,63126,314-624-8488,603-577-5880
Rhona,Roadnight,7 Comanche Crossing,Nashville,Tennessee,37240,615-167-3114,203-318-5605
Dede,Varker,43454 Continental Circle,Chattanooga,Tennessee,37450,423-912-9246,785-274-7055
Gabriell,Winslet,92839 Marcy Place,Denver,Colorado,80228,720-502-5861,701-873-0506
Eward,Marion,3932 Portage Crossing,Colorado Springs,Colorado,80905,719-593-6589,704-687-2138
Royal,Kempson,0426 Heath Trail,Huntington,West Virginia,25726,304-850-2459,951-664-5284
Casandra,Henmarsh,8 Anniversary Circle,Austin,Texas,78783,512-365-1276,864-292-3261
Waylon,McKew,792 Rockefeller Point,Scottsdale,Arizona,85271,480-367-6199,786-323-7087
Caspar,Massingham,3 Cascade Road,Fort Lauderdale,Florida,33320,754-279-8384,540-702-5643
Crosby,Bolletti,4 Elmside Street,San Francisco,California,94110,415-494-2559,719-877-5093
Tanya,Vela,766 Troy Junction,Amarillo,Texas,79188,806-771-7637,202-681-1814
Barbee,Meeus,261 Center Pass,Pasadena,Texas,77505,281-440-3451,910-620-8894
Roxanna,De Roos,746 Helena Center,Moreno Valley,California,92555,951-454-7052,505-973-8106
Donielle,Raysdale,67 Ruskin Plaza,New Orleans,Louisiana,70160,504-913-3490,901-141-9844
Charil,Targetter,0029 Moland Hill,Sacramento,California,95818,530-948-2410,203-466-9730
Anabelle,Artharg,82 Ludington Parkway,Florence,South Carolina,29505,843-596-8220,330-198-2907
Hubie,Mayell,2 Memorial Way,Inglewood,California,90398,310-339-5680,215-926-6354
Graig,Schruurs,71 Granby Pass,Cincinnati,Ohio,45243,513-788-0481,605-915-0317
Sal,Conkie,6 Northland Pass,Seattle,Washington,98140,425-912-2274,214-859-0634
Saunder,Royste,5 Blue Bill Park Lane,Waterbury,Connecticut,6726,203-331-3452,915-526-5291
Fawn,Leivers,43 Mockingbird Place,Philadelphia,Pennsylvania,19160,215-178-2416,770-924-5272
Archambault,Matteuzzi,628 Montana Trail,Birmingham,Alabama,35236,205-737-3261,352-959-0587
Salvidor,Axston,3 Ronald Regan Court,Bridgeport,Connecticut,6606,203-669-5662,512-334-5632
Rabi,Glyde,8 Di Loreto Plaza,Henderson,Nevada,89074,702-605-6353,812-895-9396
Tasha,Noke,132 Manley Point,Fort Pierce,Florida,34949,772-169-1466,815-637-5971
Ebenezer,Braunfeld,94 Hoepker Place,Decatur,Illinois,62525,217-100-2268,313-423-4293
Morgana,Huddles,8434 Vernon Road,Washington,District of Columbia,20414,202-396-1171,936-832-3753
Elwira,Sanchis,2 Stephen Junction,Fort Wayne,Indiana,46896,260-971-7303,801-927-4676
Kirby,Smead,29 Dahle Trail,Inglewood,California,90310,310-858-6689,202-810-3683
Sascha,Poundsford,31 6th Avenue,Chicago,Illinois,60674,312-652-2736,915-892-5342
Franny,Messier,88 Coolidge Drive,San Antonio,Texas,78291,210-163-0592,713-325-2142
Brion,Bastistini,20 Carberry Drive,Appleton,Wisconsin,54915,920-296-2585,662-653-1350
Jan,Dunkerley,9553 Kipling Road,Portland,Oregon,97232,971-605-6909,281-674-1167
Delilah,Dumingo,26197 Thompson Drive,Hamilton,Ohio,45020,937-406-0942,408-874-6584
Randie,Olding,3 Myrtle Circle,Cleveland,Ohio,44191,216-322-6106,402-652-4678
Kelila,Enders,39043 Anthes Street,Santa Rosa,California,95405,707-497-4172,202-325-2291
Cordie,Havers,6 Spohn Trail,Sacramento,California,94207,916-797-2053,208-643-0970
Darrell,Kelly,135 Pepper Wood Center,Albuquerque,New Mexico,87105,505-906-9813,314-230-4387
Berkley,Haselgrove,6 Dahle Pass,Rochester,New York,14604,585-489-2174,520-868-8734
Dun,Elgy,35871 Victoria Point,Huntington,West Virginia,25716,304-854-8803,918-652-9536
Bartlet,Bangiard,22461 Mallory Drive,Mount Vernon,New York,10557,914-192-7559,919-698-3777
Gayel,Gaywood,3 Helena Trail,Dayton,Ohio,45490,937-333-6295,515-710-5839
Cassie,Sinton,76 International Trail,Bronx,New York,10469,917-558-9561,202-484-4792
Hephzibah,Zanre,82 Magdeline Parkway,Rochester,New York,14639,585-758-6745,513-551-2271
Dinny,Rome,49969 Brown Center,Salt Lake City,Utah,84115,801-606-7518,615-832-8095
Madella,Joiner,0189 Melvin Lane,Dulles,Virginia,20189,571-464-7273,702-884-1125
Phillis,Kennally,21 Summerview Junction,Nashville,Tennessee,37228,615-377-8898,513-734-2521
Foss,Copcott,20649 Heffernan Way,Salt Lake City,Utah,84152,801-469-7162,407-777-4806
Thorvald,Gerren,0269 Thompson Point,Oklahoma City,Oklahoma,73104,405-362-7730,603-676-1731
Dory,Troke,421 Rusk Road,San Francisco,California,94121,415-334-4566,850-125-7459
Beatrisa,Mieville,41302 Welch Circle,Washington,District of Columbia,20540,202-390-5472,806-433-5802
Brandice,Feely,67577 Forest Run Hill,Arlington,Virginia,22234,571-174-4130,512-744-7659
Christian,Marchelli,1 Bluestem Crossing,Waco,Texas,76711,254-531-9555,816-875-9933
Dallas,Kliemke,629 Nancy Point,Houston,Texas,77015,281-287-8842,915-564-6553
Mallory,Adiscot,7009 Russell Court,Los Angeles,California,90101,213-740-1641,608-483-6524
Julius,Junkinson,1525 Reindahl Crossing,Washington,District of Columbia,20016,202-211-1345,318-350-2782
Johny,Schubert,8 Mockingbird Park,Long Beach,California,90805,562-728-5273,347-551-9765
Haleigh,Nornable,6901 Roth Way,Fresno,California,93715,209-207-9393,330-377-9649
Joyce,Learmouth,6671 Mallard Hill,Atlanta,Georgia,30316,770-850-1035,808-832-4349
Emmalynne,Mackison,0 Vahlen Circle,Charlotte,North Carolina,28235,704-488-3808,734-523-1834
Clifford,Oliff,1298 Carpenter Circle,San Jose,California,95150,408-653-9916,213-443-2490
Richard,Kendall,59 Carioca Junction,Denver,Colorado,80262,303-470-9148,401-787-1153
Willard,Mohun,744 Lyons Junction,New Orleans,Louisiana,70174,504-535-1745,505-109-7835
Matthaeus,Anstie,7452 Talisman Park,Los Angeles,California,90035,323-454-5770,803-121-2937
Brodie,Roswarn,37385 Mandrake Crossing,Lubbock,Texas,79491,806-181-2893,212-251-0117
Hamlin,Dagleas,1 Melvin Lane,Anderson,Indiana,46015,765-436-4144,515-504-5014
Kahlil,Slader,40 Caliangt Pass,Charleston,West Virginia,25331,304-187-7590,702-856-1173
Marcy,Paish,49 Bultman Plaza,Washington,District of Columbia,20010,202-632-7145,215-992-3926
Florri,Baseggio,51309 Reindahl Crossing,Rochester,New York,14624,585-877-2732,626-987-7301
Norine,Buche,23215 Schiller Road,Wilmington,Delaware,19897,302-322-3974,309-885-8426
Carey,Suermeier,816 Arkansas Alley,Los Angeles,California,90040,714-383-9200,304-678-8514
Kellen,Shillaker,7 Barnett Trail,Springfield,Illinois,62705,217-521-8545,518-487-0597
Gaye,Thaller,03973 Bluejay Road,San Francisco,California,94159,415-209-6229,901-848-3295
Bo,Miguel,421 Melvin Plaza,Long Beach,California,90810,323-269-6600,314-728-1900
Marcie,Huddy,77 Kim Hill,Fort Lauderdale,Florida,33330,954-244-3329,316-730-3396
Selie,MacGillivray,3 Duke Parkway,Columbia,South Carolina,29240,803-160-5786,601-416-0753
Sandye,Giacubbo,38688 Arapahoe Drive,Houston,Texas,77095,713-691-0977,816-760-6540
Una,Suett,4385 Sage Junction,Raleigh,North Carolina,27626,919-951-6181,614-350-2125
Taite,McAnalley,6559 Erie Place,Greensboro,North Carolina,27415,336-536-1707,989-850-8730
Levy,Woodcroft,0313 Hayes Parkway,Erie,Pennsylvania,16522,814-703-9641,616-205-8902
Jazmin,Ruecastle,277 Maple Circle,Las Vegas,Nevada,89110,702-511-6935,813-190-2726
Rhys,Mitchenson,0533 Springs Crossing,Richmond,Virginia,23260,804-899-8997,214-330-8956
Pepillo,Tomson,29918 Meadow Ridge Lane,Houston,Texas,77035,281-316-1329,417-508-6369
Tiffani,Bernuzzi,6 Sloan Park,Nashville,Tennessee,37250,615-944-9444,404-786-0413
Melany,Szymanek,62 Prairie Rose Crossing,Miami,Florida,33180,954-207-0384,605-343-8808
Gabriell,Curteis,6236 Mesta Avenue,Miami,Florida,33129,786-377-2526,915-201-7084
Wren,Caltun,00044 West Way,East Saint Louis,Illinois,62205,618-550-5755,850-821-1322
Dillie,Edden,92 Brentwood Crossing,Miami,Florida,33124,786-832-7768,303-466-0633
Kellyann,Joynson,22 Norway Maple Center,Amarillo,Texas,79105,806-974-1036,818-943-2243
Carlita,Ferry,3 Ridgeway Pass,Atlanta,Georgia,31132,404-784-8898,770-556-5506
Doris,Meak,4 Sachs Way,Greeley,Colorado,80638,970-797-3566,469-208-0945
Missy,Hoofe,966 Katie Center,Greensboro,North Carolina,27404,336-398-1455,317-868-4107
Buddie,Vala,00 Morrow Lane,Alexandria,Virginia,22333,571-632-1995,571-179-3962
Augusta,Richfield,40664 Beilfuss Hill,Bronx,New York,10469,917-732-5323,325-815-1230
Sigfried,Gillaspy,61 Melrose Terrace,Austin,Texas,78769,512-479-5285,305-151-7953
Beverly,Gallehock,9804 Parkside Circle,Cincinnati,Ohio,45238,513-310-1055,405-903-4204
Garry,Pennicard,30 Dixon Way,Charleston,West Virginia,25389,304-969-5853,678-354-4386
Pammy,Slatford,40 Mendota Plaza,San Diego,California,92105,858-622-4535,515-399-2620
Laverna,Janczewski,33295 Prairie Rose Way,Toledo,Ohio,43610,419-275-7154,402-513-6179
Leonore,Heining,0 1st Plaza,Indianapolis,Indiana,46239,317-185-2396,405-188-3508
Lionello,Cadwaladr,6350 School Drive,Macon,Georgia,31210,478-144-1944,212-367-9250
Rosemaria,Verbeke,5846 Shopko Crossing,Gastonia,North Carolina,28055,704-331-2105,770-877-0757
Bondy,Brugman,1 Loftsgordon Court,Washington,District of Columbia,20540,202-412-6683,916-601-5528
Celestyna,Kenington,834 Melvin Park,Alexandria,Virginia,22301,703-861-0135,313-853-8729
Arlen,Whitington,63429 Mccormick Parkway,Dallas,Texas,75379,214-610-3224,239-810-7082
Cherice,Nunan,7 Independence Point,Glendale,Arizona,85311,602-608-5810,619-719-1547
Joby,Blondelle,3 Norway Maple Trail,Jamaica,New York,11480,718-370-6234,719-535-4832
Geneva,Mountfort,74866 Badeau Trail,Honolulu,Hawaii,96805,808-226-4897,904-488-1931
Janina,Stark,36652 Talisman Trail,Peoria,Illinois,61614,309-115-1889,813-614-0386
Chrysler,Grinishin,995 Southridge Road,Detroit,Michigan,48224,313-646-6209,478-248-2106
Hewie,Hinchon,576 Toban Place,Atlanta,Georgia,31196,404-898-5388,312-109-8256
Joelynn,Swindells,757 Everett Drive,Aurora,Colorado,80015,720-665-6983,626-929-1671
Bradan,Gurley,30103 Division Point,Philadelphia,Pennsylvania,19146,267-424-7238,605-622-9608
Hilliary,Giacomuzzi,338 Pankratz Junction,Los Angeles,California,90030,213-329-8385,513-309-0838
Kellen,Tugwell,8688 Lerdahl Hill,Seattle,Washington,98109,360-426-4476,321-760-1634
Pieter,Twigger,87553 Forest Road,El Paso,Texas,79968,915-693-6186,860-113-7449
Nathaniel,Forgie,84460 Village Point,Evanston,Illinois,60208,847-982-2258,518-952-7669
Dido,Redwood,62 Cody Park,Hartford,Connecticut,6140,860-832-1968,508-338-0084
Cassondra,Tuhy,9 Sunfield Pass,New York City,New York,10184,212-499-3712,952-390-6799
Dom,Ianilli,15720 4th Crossing,Shawnee Mission,Kansas,66210,816-819-0207,901-916-1520
Evangelia,Hallbord,18 Dexter Place,Atlanta,Georgia,30375,404-888-8762,704-201-5286
Norri,McCullouch,558 Little Fleur Lane,Denton,Texas,76205,940-200-4655,731-240-9301
Hailee,Wilding,0424 Waubesa Way,San Diego,California,92127,619-829-6976,772-300-4130
Graehme,Valentinuzzi,2986 Montana Lane,Des Moines,Iowa,50320,515-841-9996,806-496-9990
Kean,Yesenev,01926 Linden Way,New Orleans,Louisiana,70160,504-341-8281,317-922-2339
Wat,Heakins,096 Novick Crossing,San Bernardino,California,92415,909-164-6809,217-816-8483
Geralda,Bozier,5348 Cottonwood Court,Daytona Beach,Florida,32118,407-154-1268,512-679-3352
Elvira,Sybbe,03 Summit Hill,Spokane,Washington,99220,509-802-5352,806-707-1866
Terrijo,Dunleavy,1 Becker Court,Charleston,South Carolina,29416,843-544-3635,586-354-2201
Rutherford,Sey,05 Jenifer Junction,Amarillo,Texas,79182,806-700-7556,772-751-8407
Karney,Brumpton,5960 Sugar Park,Milwaukee,Wisconsin,53220,414-980-7685,786-928-7155
Bobina,Figin,004 Leroy Terrace,Rochester,New York,14619,585-548-5104,937-597-3484
Francene,Etchells,656 Sage Hill,Pittsburgh,Pennsylvania,15240,412-214-2934,713-409-5464
Allison,Groger,61090 Cardinal Parkway,Atlanta,Georgia,30328,404-258-3825,410-898-1011
Inger,Tremble,556 Mayer Plaza,New Haven,Connecticut,6538,203-886-7534,850-644-9722
Brenn,Gennerich,8 Commercial Hill,New York City,New York,10280,347-551-2927,704-930-0949
Siffre,Graver,13596 Becker Street,Oklahoma City,Oklahoma,73114,405-266-9549,806-480-0749
Jeanette,Breitler,630 Sunfield Center,Pittsburgh,Pennsylvania,15210,724-382-4660,717-272-3108
Franchot,Glencros,4841 Homewood Crossing,Santa Barbara,California,93111,805-132-3476,814-225-4234
Rosy,Duplain,5318 Service Avenue,Pittsburgh,Pennsylvania,15266,-5951,404-943-0275
Faith,Lovejoy,42222 Crest Line Place,Newark,Delaware,19725,302-925-0397,202-951-0938
Trixi,Knightley,47024 Badeau Trail,Houston,Texas,77065,832-156-2624,772-732-2630
Marsiella,Keynes,12 Chive Park,Birmingham,Alabama,35231,205-887-4277,419-968-8156
Nan,Petrenko,33 Sutteridge Terrace,Saint Joseph,Missouri,64504,816-268-4402,425-895-2405
Durant,Dufer,67040 Larry Parkway,Salt Lake City,Utah,84145,801-583-5253,202-893-3679
Mufi,Bentley,81419 Carey Road,Dayton,Ohio,45470,937-844-7206,562-753-7055
Minna,Bloxsom,30 Everett Lane,Warren,Ohio,44485,330-219-1940,425-188-2895
Grete,Gilfether,0777 Hauk Court,Memphis,Tennessee,38114,901-427-1430,502-213-6192
Edgar,Santori,7479 Prentice Terrace,Miami,Florida,33180,786-234-1602,651-124-5671
Wini,Nudd,45 Pierstorff Plaza,San Francisco,California,94177,415-922-6545,410-319-6905
Bartlet,Stanesby,3445 Onsgard Point,Monroe,Louisiana,71208,318-599-5853,508-384-5131
Nico,Padmore,834 Sloan Plaza,Kingsport,Tennessee,37665,423-338-8740,612-847-2421
Lizbeth,Iacomini,255 Dapin Plaza,Oakland,California,94616,415-137-5196,915-456-6754
Verla,Pawelczyk,51 Namekagon Junction,Mobile,Alabama,36670,251-543-1384,409-858-9426
Cristiano,Wiltsher,35 Gateway Junction,Trenton,New Jersey,8603,609-806-3797,770-877-5598
Cozmo,Castells,1820 La Follette Drive,Hartford,Connecticut,6183,860-519-2193,805-755-6428
Ceil,Darrow,5103 Express Junction,Philadelphia,Pennsylvania,19151,610-392-0014,804-419-2171
Corinne,Jurgen,918 Debs Terrace,Kansas City,Missouri,64153,816-374-0615,863-226-4020
Hy,Inchbald,522 Iowa Crossing,Las Vegas,Nevada,89155,702-444-4112,405-650-4076
Dodi,Boutellier,343 Atwood Place,Tacoma,Washington,98442,253-149-2956,941-743-6216
Magda,Childerhouse,53 Hudson Alley,Tallahassee,Florida,32399,850-621-1069,515-281-9286
Dion,Oertzen,26 Clyde Gallagher Terrace,Long Beach,California,90810,323-171-5537,202-546-0554
Sayers,Leveret,8 Artisan Park,Washington,District of Columbia,20397,202-593-6482,904-326-5100
Charleen,Rodson,6 Vernon Way,Houston,Texas,77070,713-448-3385,727-379-0070
Haywood,Ransome,1368 Hoepker Pass,Newark,Delaware,19714,302-514-7667,215-983-8923
Morganne,Middler,4 Jenifer Lane,Fort Smith,Arkansas,72916,479-802-2862,859-484-2962
Rafaelia,Warrington,1177 Hanover Road,Detroit,Michigan,48258,734-432-0287,361-491-2568
Jerrold,Anmore,23 Ronald Regan Park,Durham,North Carolina,27705,434-765-4259,651-996-7896
Adriane,Wressell,56 Debra Street,Albuquerque,New Mexico,87105,505-509-1972,701-895-4130
Kin,Merioth,3932 Stephen Point,Rockford,Illinois,61105,815-694-4878,518-743-8529
Lou,Maddison,4161 Monica Crossing,New Orleans,Louisiana,70174,504-597-6030,203-357-4873
Pavel,Antram,2 Hermina Court,Young America,Minnesota,55564,952-350-0076,702-930-6696
Coralyn,Vinnick,88020 Sutherland Parkway,Trenton,New Jersey,8603,609-321-9084,608-584-2392
Edith,Wavell,0768 Lakewood Point,Sarasota,Florida,34276,941-823-6735,850-963-0637
Ranique,Ead,00 Pankratz Pass,San Francisco,California,94110,562-726-3139,316-784-2597
Angel,Kitchingham,60 Clarendon Avenue,Bronx,New York,10469,917-984-4874,214-769-7915
Teirtza,Minot,55 Gateway Trail,Springfield,Illinois,62723,217-470-3347,205-789-0908
Illa,Petherick,8 Farwell Junction,Savannah,Georgia,31416,912-688-1651,515-947-5349
Marlee,Shenton,64 Merry Pass,Wilmington,Delaware,19886,302-361-0176,513-266-2334
Natalina,Pipworth,3 Novick Terrace,Glendale,California,91205,323-984-4065,360-711-5997
Mollie,Reede,0493 Sycamore Plaza,Miami,Florida,33129,305-867-9880,763-358-9651
Xerxes,Bage,56 Spaight Road,Kansas City,Missouri,64144,816-555-0934,979-417-8661
Gizela,Visco,24456 Sundown Point,Lehigh Acres,Florida,33972,239-635-9005,234-308-4187
Ricca,Fermer,775 Novick Junction,Cape Coral,Florida,33915,239-703-7184,312-661-1293
Matilda,Albery,72625 Bellgrove Trail,Saint Louis,Missouri,63136,314-447-2832,417-430-1292
Shirley,Ruddick,56 Susan Alley,Lansing,Michigan,48912,517-598-2946,206-546-4778
Samuel,Price,3822 Maryland Drive,Akron,Ohio,44305,330-503-0448,915-288-9512
Wynn,Pickersail,6 Lakewood Road,Madison,Wisconsin,53726,608-170-9393,330-204-5797
Christi,Lean,480 Oriole Way,Washington,District of Columbia,20520,202-832-7267,406-877-6497
Lory,Coste,0 Hoffman Center,Berkeley,California,94705,510-412-6157,404-980-0421
Odessa,Kamena,4225 Mayfield Crossing,New York City,New York,10090,212-873-8453,602-444-2500
Dasie,Harding,57 Bayside Center,San Diego,California,92165,619-415-2857,336-730-3903
Karoly,MacLaughlin,6 Old Gate Center,Chicago,Illinois,60657,312-351-6457,321-229-2685
Ravi,Disley,35 Clove Drive,Austin,Texas,78737,512-450-2028,520-560-2481
Gelya,Stedmond,19 Merchant Lane,Corpus Christi,Texas,78405,361-726-2072,212-728-0860
Griz,McCuish,2 Thompson Road,Mountain View,California,94042,650-226-7291,336-526-2079
Giraud,Lilford,239 Pearson Pass,Lubbock,Texas,79452,806-217-9059,785-986-0206
Phillipe,Wolledge,37128 Holy Cross Crossing,Amarillo,Texas,79165,806-933-8393,970-711-7652
Eb,Roston,83651 Crowley Drive,Sparks,Nevada,89436,775-965-2803,225-568-2563
Tomi,Chewter,06 Buena Vista Park,Oklahoma City,Oklahoma,73197,405-601-7909,559-711-5790
Claybourne,Luty,96941 Bartillon Parkway,Visalia,California,93291,559-287-2721,559-615-5212
Ezequiel,Teresia,2 Little Fleur Center,Reading,Pennsylvania,19605,610-469-7845,757-727-4392
Tanney,Bowery,61082 Reinke Terrace,Oklahoma City,Oklahoma,73109,405-641-1008,716-770-0714
Bryanty,Shears,59 Towne Avenue,Salinas,California,93907,831-289-1987,682-672-6224
Byram,Dawney,8556 Sycamore Crossing,Syracuse,New York,13224,315-741-6790,504-514-1177
Ina,Rengger,99880 Heffernan Court,Syracuse,New York,13205,315-146-3793,937-924-2760
Paula,Horning,4 Village Street,Birmingham,Alabama,35220,205-965-7232,810-443-5728
Susy,Druery,7 Upham Parkway,Miami,Florida,33142,954-266-7737,509-449-3821
Shirline,Rush,6110 Fulton Center,Bakersfield,California,93305,661-733-8533,319-294-0691
Elayne,Doumerc,4242 Towne Road,San Rafael,California,94913,415-500-4151,702-645-7458
Corbin,Walasik,83 Express Center,Springfield,Missouri,65898,417-277-1345,323-985-1649
Tiebold,Dearle,39 Browning Trail,Louisville,Kentucky,40210,502-200-0909,630-116-8406
Alden,Custard,286 Village Green Road,Dallas,Texas,75387,214-539-4099,702-345-8104
Ethelin,Abreheart,741 High Crossing Park,Boynton Beach,Florida,33436,561-636-3595,303-222-6984
Burgess,Tilmouth,3193 Sullivan Point,San Francisco,California,94164,415-756-9777,404-703-9317
Darren,Maidlow,08 Milwaukee Point,Visalia,California,93291,559-381-3227,408-174-6850
Miller,Seagood,135 Vidon Lane,Aurora,Illinois,60505,630-699-8760,443-778-7803
Perceval,Betjeman,6040 Jay Avenue,Dallas,Texas,75277,214-442-8733,404-658-1553
Maryanna,Guirardin,1140 Green Court,Columbia,South Carolina,29215,803-127-2679,239-414-8397
Wendall,Kasper,8 4th Way,Austin,Texas,78732,512-410-5207,915-860-3999
Langsdon,Peto,3685 Shelley Junction,Fargo,North Dakota,58106,701-477-6044,602-714-2554
Tana,Gostridge,5655 Delaware Circle,Toledo,Ohio,43605,419-360-4718,770-510-2453
Dory,Beumant,814 Superior Terrace,Richmond,Virginia,23237,804-425-0007,765-149-1298
Rochell,Vereker,64031 Melvin Road,Rockford,Illinois,61110,815-421-7748,253-180-3416
Leisha,Robke,2863 Clarendon Street,Brooklyn,New York,11210,718-748-9734,910-501-4852
Abagael,Walcher,6884 Jenna Junction,Fort Worth,Texas,76105,817-783-9368,707-869-3270
Chicky,Ilett,65191 Pleasure Drive,Toledo,Ohio,43635,419-168-1282,225-860-9517
Trixie,Crennell,5009 Darwin Crossing,Kansas City,Kansas,66112,913-585-3939,413-211-5439
Clovis,Brik,31780 Pond Hill,Myrtle Beach,South Carolina,29579,843-526-2333,616-744-2863
Marcellina,Metzel,57 Lakewood Point,Atlanta,Georgia,30328,404-642-3607,405-338-3371
Umeko,Oram,7 Utah Drive,Cincinnati,Ohio,45218,513-157-7829,608-206-8911
Kurtis,Varden,629 Golf View Park,Long Beach,California,90810,310-941-9162,517-629-7902
Lissa,Manthroppe,354 Melrose Trail,San Antonio,Texas,78225,210-268-3516,314-937-2709
Rebbecca,Kivell,002 4th Alley,New Orleans,Louisiana,70160,504-557-8435,714-212-0208
Sallie,Lambrecht,5 Melody Road,Los Angeles,California,90071,562-526-2290,813-167-8243
Millard,Mateos,605 Eggendart Alley,Houston,Texas,77025,713-809-2728,336-907-9620
Etty,Aujean,883 Twin Pines Pass,Austin,Texas,78749,512-536-9897,937-797-8481
Grayce,Cazin,8635 Almo Way,Baltimore,Maryland,21290,410-716-0782,205-767-9511
Raviv,Roch,44 Swallow Plaza,West Palm Beach,Florida,33416,561-121-9747,540-204-3622
Aldridge,Kryska,30763 Truax Alley,Cincinnati,Ohio,45271,513-923-3587,757-900-5643
Eddie,Kenwood,6 Almo Alley,Huntsville,Alabama,35815,256-830-8794,505-861-3563
Augie,Illem,37916 Truax Place,Young America,Minnesota,55557,952-992-6104,817-239-9386
Griffie,Janusik,42 Truax Crossing,Greensboro,North Carolina,27455,910-362-3965,515-320-5832
Dorene,Van Der Hoog,01 Oakridge Circle,Hampton,Virginia,23663,804-854-9692,518-130-6196
Stephanie,Larmett,65781 Larry Avenue,Fort Pierce,Florida,34981,772-670-0383,619-470-4960
Pablo,Jenman,4293 Dapin Trail,Orlando,Florida,32803,321-244-2135,402-757-6593
Babs,Lanceter,34296 Fordem Hill,Washington,District of Columbia,20099,202-346-0092,410-864-6075
Sheri,Golsthorp,001 Dennis Way,Philadelphia,Pennsylvania,19184,215-578-0872,503-240-4082
Viviene,Chasmor,7 Ruskin Avenue,Flint,Michigan,48505,810-289-3277,816-757-8229
Sancho,Cockshutt,057 Messerschmidt Trail,Milwaukee,Wisconsin,53205,920-615-6225,505-813-2454
Bren,Legion,39931 Schmedeman Point,Greensboro,North Carolina,27499,336-871-3505,682-337-3456
Olivette,Uridge,477 Armistice Way,Cincinnati,Ohio,45254,513-184-7598,316-321-2790
Dagmar,Saxton,30243 Granby Avenue,Rochester,New York,14652,585-579-1566,651-559-8200
Dareen,Yetton,093 Fremont Hill,Topeka,Kansas,66699,785-201-5290,512-846-8952
Ardyth,BURWIN,815 Johnson Point,Richmond,Virginia,23213,804-885-3046,718-146-2614
Jacquelin,Banyard,4 Dunning Court,Mobile,Alabama,36605,251-966-6627,915-947-7963
Merna,Rayne,3949 John Wall Hill,Washington,District of Columbia,20062,202-367-3748,425-563-6715
Ludovika,Stanes,264 Namekagon Junction,Wichita,Kansas,67260,316-179-3559,570-308-4170
Mary,Hunnaball,84026 Claremont Way,Amarillo,Texas,79118,806-217-3121,202-339-1604
Riane,Bardell,8 Dexter Trail,Tulsa,Oklahoma,74103,918-397-7344,608-497-0215
Ron,Sowrah,868 Karstens Pass,Kansas City,Missouri,64193,816-675-0234,804-236-6670
Sunshine,Grewcock,5221 Steensland Alley,Jackson,Mississippi,39204,601-988-3277,330-968-0420
Ernst,Rothermel,2 Waubesa Drive,Madison,Wisconsin,53710,608-605-2813,205-478-1430
Martica,Denisyev,0 Sachs Plaza,Cleveland,Ohio,44130,216-809-9619,205-654-1668
Si,Hendrickx,8 Fairfield Junction,Irvine,California,92717,714-895-8180,330-812-2382
Xavier,Ledward,70 Briar Crest Junction,Johnstown,Pennsylvania,15906,814-274-4670,785-328-7249
Carmella,Oswald,9683 Old Shore Parkway,Indianapolis,Indiana,46231,317-282-8673,773-404-1720
Bettye,Francescoccio,71055 Thompson Circle,Santa Cruz,California,95064,831-831-1766,325-414-0751
Adrea,Pannaman,1198 Stuart Terrace,Roanoke,Virginia,24009,540-558-7404,937-790-9284
Bat,Maddox,3 Atwood Drive,Tyler,Texas,75705,903-380-8218,864-812-5395
Laverne,Jays,489 Banding Court,Bakersfield,California,93399,661-129-0354,603-517-9539
Gardy,Chiene,9898 Muir Junction,Saint Petersburg,Florida,33737,727-765-2918,559-872-6671
Keith,Stayt,40024 Alpine Circle,Helena,Montana,59623,406-588-3318,210-922-6342
Brody,Audsley,52893 Brentwood Center,Kissimmee,Florida,34745,407-161-1764,775-419-8511
Adele,Thys,72465 Pankratz Junction,Saint Louis,Missouri,63158,314-572-7657,757-158-3226
Nikita,Cabble,15 Farmco Plaza,Richmond,Virginia,23237,804-283-2808,209-552-0915
Maje,Croose,54000 Autumn Leaf Drive,Evansville,Indiana,47737,812-411-4083,404-673-3147
Bab,Janny,913 Homewood Park,Daytona Beach,Florida,32123,386-407-2193,334-939-1026
Juli,Orrom,71565 Kenwood Alley,Sacramento,California,94297,916-262-0571,571-694-5406
Anselma,Libermore,4467 Sutteridge Crossing,Memphis,Tennessee,38126,901-673-0326,720-313-1508
Brooks,Grigoroni,81242 Kenwood Drive,Rochester,New York,14614,585-193-4884,478-208-3679
Wallas,Pizzie,5499 Badeau Avenue,Canton,Ohio,44760,330-957-1517,505-145-6555
Clarette,Mallen,74336 Bonner Terrace,Trenton,New Jersey,8650,609-425-2511,719-405-5731
Evangelin,MacGinney,47 Bluejay Junction,Miami,Florida,33175,305-681-5343,256-565-6502
Korrie,Del Dello,94 Northridge Road,Santa Ana,California,92725,714-184-9534,602-728-3955
Edin,Anslow,61710 Dunning Alley,Baltimore,Maryland,21265,410-607-5491,360-346-1423
Rea,Bedingfield,618 Barby Terrace,Gulfport,Mississippi,39505,228-907-9498,617-198-2471
Rhodie,Swaisland,2 Golf Terrace,Bronx,New York,10469,917-325-4975,626-154-4352
Patrick,Eddolls,09516 Bultman Trail,Detroit,Michigan,48217,313-307-6365,716-236-0049
Nickolaus,Doble,5 Lindbergh Terrace,Oakland,California,94611,415-257-0183,973-852-2625
Zacherie,Villiers,6 Scofield Place,Clearwater,Florida,34615,727-882-4652,214-698-2260
Mordy,Blaydes,6904 Hollow Ridge Alley,Tulsa,Oklahoma,74149,918-880-6194,919-273-8959
Xena,Hickisson,2009 Glacier Hill Road,Lincoln,Nebraska,68524,402-908-2277,234-121-6478
Felisha,Ricards,3306 Farragut Avenue,Kansas City,Missouri,64109,816-636-5046,310-569-1985
Mozelle,Kenyon,900 Colorado Road,Des Moines,Iowa,50330,515-995-9472,801-194-0596
Wynny,Gerran,75738 Straubel Parkway,Nashville,Tennessee,37250,615-963-9438,704-565-0587
Milena,Macieiczyk,36 Corry Crossing,Dallas,Texas,75367,214-859-1419,585-970-0543
Gaston,Vobes,15696 Garrison Way,Garden Grove,California,92645,714-325-6657,770-744-0976
Herold,Bamb,03624 Ridgeview Pass,Suffolk,Virginia,23436,757-472-4539,309-510-3079
Ettie,Aiton,61565 Kingsford Pass,Longview,Texas,75605,903-449-7764,202-133-7545
Merline,Joslow,49660 Towne Avenue,Buffalo,New York,14220,716-922-3115,707-201-0110
Rhoda,O'Roan,265 Hooker Parkway,San Bernardino,California,92405,909-647-4507,772-782-7785
Maire,Piddle,47 Elka Alley,North Las Vegas,Nevada,89036,702-652-7285,936-496-9053
Britte,Humbey,218 Forest Place,Springfield,Missouri,65898,417-790-1087,515-764-0850
Lexine,McPhilip,188 Holy Cross Avenue,Kansas City,Missouri,64130,816-144-5977,713-574-1031
Joachim,Demann,6962 Lawn Pass,Norwalk,Connecticut,6854,203-994-8005,971-895-7790
Viv,Shillito,27 Graedel Parkway,Norfolk,Virginia,23514,757-238-9758,816-394-8011
Jeremiah,Geraudel,7 Eastlawn Court,New York City,New York,10034,212-111-6877,504-464-1204
Leigh,Grayland,6 Westerfield Parkway,Chattanooga,Tennessee,37410,423-811-6338,314-469-0864
Rick,Bozier,25739 Eagan Crossing,Atlanta,Georgia,30328,770-500-0852,704-400-6930
Mercy,Trayhorn,5812 Elka Road,New York City,New York,10292,212-228-8237,978-836-7977
Caria,Fennell,9 Clarendon Trail,Omaha,Nebraska,68144,402-844-5124,301-935-5495
Tobin,Adrien,457 Merrick Pass,Sacramento,California,95823,510-307-8940,626-354-9904
Bertha,Mc Harg,4705 Huxley Point,San Francisco,California,94159,415-940-3960,614-124-4454
Christi,Gallelli,3 Bellgrove Trail,Des Moines,Iowa,50369,515-307-1724,713-593-0915
Aurora,Dundridge,836 Daystar Court,Birmingham,Alabama,35210,205-403-8885,330-203-4358
Hunfredo,Killigrew,936 Center Way,Jacksonville,Florida,32220,904-296-1426,213-832-5691
Tedmund,Baselli,1 Oakridge Crossing,San Bernardino,California,92415,909-305-8160,405-514-2569
Kelcey,McEttigen,0 Canary Alley,Los Angeles,California,90189,213-706-0545,770-550-8520
Mauricio,Styche,797 Marquette Drive,Dallas,Texas,75323,214-763-3472,540-744-1337
Lesly,Tilsley,02435 Harper Court,Washington,District of Columbia,20215,202-239-1899,832-844-7566
Waylen,Doggett,10 Trailsway Drive,Cincinnati,Ohio,45264,513-945-0351,334-777-8555
Marcy,Rubenov,8675 Judy Terrace,Lawrenceville,Georgia,30045,770-389-4266,719-452-2110
Vivianne,Chatelain,1544 Russell Pass,Richmond,Virginia,23289,804-158-9091,360-429-4751
Zola,Wrinch,04607 Fordem Circle,Houston,Texas,77271,713-500-8104,713-651-4692
Thatch,Dreger,9218 Pepper Wood Court,Amarillo,Texas,79176,806-721-2956,619-811-5604
Fowler,Dulton,73 Carpenter Terrace,Miami,Florida,33169,305-632-3011,770-101-4716
Batholomew,Edington,17 Roxbury Trail,Austin,Texas,78778,512-567-0307,616-671-0661
Emory,Potten,7 Sutteridge Avenue,Billings,Montana,59105,406-525-1004,865-820-3770
Hildagard,Calterone,4771 Hoffman Avenue,Atlanta,Georgia,30380,404-289-5957,915-926-6103
Dieter,Greetham,647 Glacier Hill Center,Atlanta,Georgia,30301,770-119-9433,786-247-8571
Brad,Jarvie,46539 Coolidge Street,Columbus,Ohio,43240,614-920-3234,334-250-7811
Patty,Berthomier,2233 Delaware Place,Lawrenceville,Georgia,30245,404-459-2136,704-633-2041
Giffard,Bernot,2 Shopko Avenue,San Francisco,California,94169,415-512-2455,435-119-6907
Baryram,Cosyns,22414 Stone Corner Pass,Orlando,Florida,32830,407-891-4938,202-154-4657
Yetty,Cattellion,87941 Lighthouse Bay Pass,San Francisco,California,94154,415-893-2568,407-275-2217
Dar,Berthon,97 Bay Street,Phoenix,Arizona,85067,602-557-2321,814-734-4530
Ariella,Briscam,25975 Debs Hill,Shreveport,Louisiana,71130,318-625-1254,321-332-7296
Bette,Verryan,17621 Shoshone Hill,Columbus,Mississippi,39705,662-667-2642,770-942-0272
Vito,Sill,77593 Cascade Plaza,Los Angeles,California,90020,626-624-0139,781-993-4746
Randi,Cheavin,2 Donald Park,Beaufort,South Carolina,29905,843-912-2099,574-383-4381
Aubine,Paine,4765 Ohio Trail,Crawfordsville,Indiana,47937,765-143-6944,225-831-3995
Emerson,Bowkley,8826 Mesta Park,Brooksville,Florida,34605,352-670-1209,702-700-9548
Lelah,Klempke,0 Manitowish Point,San Francisco,California,94137,415-189-6655,813-308-9881
Chrisse,Ucceli,4566 Laurel Road,Washington,District of Columbia,20238,202-863-0263,253-914-2379
Corly,Pina,7864 Pankratz Pass,Lexington,Kentucky,40505,859-831-6097,541-987-7243
Evvy,Swin,7 Ridgeview Terrace,Chicago,Illinois,60686,312-737-7411,405-702-6459
Cathi,Darter,7 Nancy Avenue,Tacoma,Washington,98464,253-922-8467,518-121-3136
Chrissie,Leyfield,003 Chive Pass,Indianapolis,Indiana,46278,317-662-0357,251-987-9174
Skylar,Causier,1 Stoughton Hill,New Castle,Pennsylvania,16107,724-388-2444,719-574-5911
Myron,Janota,23958 Bobwhite Avenue,Boston,Massachusetts,2298,617-888-0496,701-758-5545
Jeffie,Theobold,37 Di Loreto Terrace,Tulsa,Oklahoma,74108,918-786-8834,509-314-7060
Falito,Bortoloni,2861 Nancy Street,San Francisco,California,94159,415-110-9458,919-655-4124
Audrie,Pridgeon,64497 Warner Alley,Fresno,California,93786,559-377-1129,217-323-1981
Davidson,Coneybeare,66912 Hanson Parkway,Kansas City,Kansas,66160,913-163-5328,505-311-1542
Risa,Beevor,04 Fuller Hill,Des Moines,Iowa,50936,515-896-5004,605-848-0603
Miner,Peel,226 Dakota Crossing,Madison,Wisconsin,53779,608-938-9550,818-280-4175
Adham,Matisse,4713 Graedel Lane,Oklahoma City,Oklahoma,73124,405-395-6032,256-919-0761
Helene,Howson,16716 Helena Alley,Waltham,Massachusetts,2453,774-298-4255,419-427-2867
Hyatt,Orleton,071 Ohio Hill,Miami,Florida,33111,786-465-4629,504-859-0287
Guenna,Corss,314 Maple Plaza,Erie,Pennsylvania,16522,814-891-0606,812-601-1395
Nani,Jeaffreson,0655 Grasskamp Point,Fayetteville,North Carolina,28305,910-764-7670,208-768-2428
Dorian,Chatteris,83 4th Circle,Naples,Florida,34114,239-587-8343,901-501-3103
Anton,Lynas,51 Granby Alley,Seattle,Washington,98127,206-595-7458,212-732-5745
Melly,Crothers,38 Bluejay Place,Chicago,Illinois,60686,312-798-8845,304-485-3790
Marwin,Gavagan,7994 Swallow Plaza,Sacramento,California,95833,916-434-4358,626-242-1395
Elyssa,Pinkney,924 Mcguire Point,North Hollywood,California,91616,213-200-4213,816-837-6761
Karil,Clemmett,729 Dexter Crossing,Mc Keesport,Pennsylvania,15134,412-740-4792,818-393-4866
Kristos,MacCaffery,7474 Lien Avenue,Cincinnati,Ohio,45208,513-533-9770,202-695-5084
Jae,Kytter,34180 Garrison Pass,New York City,New York,10203,212-935-2891,858-196-2447
Martina,Greaterex,68 Hanover Place,Billings,Montana,59112,406-749-0752,859-321-2891
Elvina,Selland,45 Northport Trail,Salt Lake City,Utah,84189,801-459-8321,260-304-2940
Rabbi,Aers,6 Linden Hill,Raleigh,North Carolina,27610,919-117-1476,813-323-9694
Maryrose,Raiston,58955 Grayhawk Drive,Houston,Texas,77201,713-806-7428,602-911-1518
Lorena,Bassilashvili,755 Rowland Point,Colorado Springs,Colorado,80910,719-136-4939,413-146-0235
Cordi,Toppin,20417 Mayer Center,Reading,Pennsylvania,19605,610-483-6245,915-373-1837
Abbie,Zucker,6828 Mallory Circle,Charleston,South Carolina,29411,843-592-6982,718-789-4379
Audie,Zebedee,664 Westerfield Avenue,Saint Louis,Missouri,63116,314-162-6849,760-332-3050
Evered,Oldred,595 Oak Terrace,Brea,California,92822,714-451-3390,407-361-4583
Wally,Ivanyushin,40 Eastlawn Alley,Atlanta,Georgia,30311,678-759-0589,254-445-9864
Cathi,Roloff,8 7th Crossing,Killeen,Texas,76544,254-372-3678,520-435-8803
Rozamond,Fancott,026 Moose Avenue,Long Beach,California,90810,562-251-3993,915-405-7028
Tristam,Danton,77 Stang Park,Norfolk,Virginia,23520,757-266-9569,718-280-0768
Elli,Kinze,95 Lotheville Parkway,El Paso,Texas,88589,915-322-3387,989-886-9372
Dagny,Dannel,59503 East Crossing,Knoxville,Tennessee,37919,865-311-0155,402-937-0546
Iseabal,Alps,49448 Cody Drive,Akron,Ohio,44321,330-203-3379,712-942-0004
Latia,Weatherdon,05665 Garrison Circle,Raleigh,North Carolina,27658,919-407-6506,540-303-6000
Lilyan,Kimble,1 Talisman Terrace,West Palm Beach,Florida,33421,561-539-8997,240-973-5238
Junette,Stoffer,591 Debs Terrace,Whittier,California,90605,626-460-8376,571-647-2883
Ania,Libero,73 Kingsford Trail,Lynchburg,Virginia,24503,434-170-8111,214-986-2972
Olag,Carette,6 Almo Point,Little Rock,Arkansas,72222,501-407-3258,254-824-6490
Sissy,Scruton,1 Lakewood Gardens Junction,Rochester,New York,14614,585-875-3121,941-889-3447
Caroline,Heaslip,86 East Park,Peoria,Illinois,61640,309-592-2436,312-238-5017
Sunny,Mahy,0094 Waywood Avenue,New York City,New York,10045,646-214-7899,602-550-6870
De,Loy,7 Longview Hill,Katy,Texas,77493,832-277-7766,212-760-2990
Blane,Barczynski,428 Kropf Drive,Washington,District of Columbia,20036,202-287-8030,410-576-8685
Bibbie,McMurdo,4918 Evergreen Hill,New York City,New York,10280,917-170-8759,806-476-1674
Thalia,McCleverty,47061 Pennsylvania Alley,Boynton Beach,Florida,33436,561-650-3994,606-126-8922
Anestassia,Bolzen,98 Katie Center,Apache Junction,Arizona,85219,480-309-6486,202-178-8316
Lana,Ludwell,121 Dwight Road,Denver,Colorado,80249,303-800-8780,516-627-2249
Maye,Cretney,6 Del Sol Street,Shawnee Mission,Kansas,66220,913-853-5188,678-268-7223
Stepha,Arnaudin,1316 Logan Junction,Carlsbad,California,92013,760-196-1329,915-743-6133
Hollis,Gurg,588 Nevada Center,El Paso,Texas,88519,915-469-3922,408-577-1001
April,Pedlar,3 Miller Road,Boise,Idaho,83716,208-822-4613,917-175-9171
Morgan,Phippin,602 Mallard Way,Joliet,Illinois,60435,815-564-5163,563-436-5970
Cate,Gillian,02 Mitchell Trail,Sarasota,Florida,34233,941-781-0109,904-211-5648
Bartlett,Sive,275 Delaware Trail,Lexington,Kentucky,40576,859-701-2021,202-289-0949
Broderic,Archbutt,9616 Porter Terrace,Los Angeles,California,90010,714-563-8755,212-262-1288
Ginger,Barbrick,0874 Onsgard Hill,Augusta,Georgia,30905,706-431-9329,704-832-0777
Zorina,Brehaut,17402 Russell Trail,Birmingham,Alabama,35254,205-596-0285,716-752-4660
Donna,Sweetland,576 Dryden Drive,Tulsa,Oklahoma,74133,918-362-7896,850-261-6315
Dmitri,Machel,814 Cherokee Junction,Greenville,South Carolina,29615,864-489-3077,573-368-7713
Gusty,Walworche,7 Monument Avenue,Henderson,Nevada,89012,702-261-3725,213-101-0418
Nadya,Moreby,7891 Vernon Hill,New York City,New York,10099,646-576-9171,407-345-0090
Anselm,Doret,880 Melby Circle,Rochester,New York,14652,585-754-9884,301-230-6525
Aila,Plevey,99 Heffernan Plaza,Pomona,California,91797,909-208-3621,915-418-3935
Jodie,Demead,5094 Lerdahl Point,Aurora,Colorado,80015,303-554-1649,317-600-8329
De witt,Biaggi,22 Milwaukee Terrace,San Jose,California,95123,408-602-4209,626-149-4773
Coreen,Tomlin,6 Tomscot Hill,Winston Salem,North Carolina,27105,336-647-7078,404-566-4702
Beverie,Austen,81809 Dahle Plaza,Boise,Idaho,83711,208-335-3901,641-209-0131
Timothy,Jacmar,37448 Stuart Hill,Stockton,California,95210,209-686-1639,254-897-4692
Dodi,Brace,08994 Artisan Court,Tampa,Florida,33610,813-713-6732,502-602-3626
Lauryn,Mattia,5 Dottie Crossing,Amarillo,Texas,79176,806-359-8932,916-200-7687
Abigail,Cancott,2535 Washington Pass,Cambridge,Massachusetts,2142,781-952-1042,260-356-2534
Alaric,Farrears,60105 Schiller Way,Kansas City,Kansas,66112,816-190-6079,202-441-4480
Nikki,Twigger,10766 Hazelcrest Park,Cleveland,Ohio,44118,216-372-5693,901-154-2147
Erma,Kynder,20899 Gina Lane,El Paso,Texas,79977,915-772-1613,404-620-9510
Bernhard,Corrigan,18 Mifflin Road,Schenectady,New York,12325,518-985-5784,919-450-0217
Pascale,Chenery,0 Summer Ridge Plaza,Denver,Colorado,80243,303-843-2779,913-257-9601
Lishe,Linsey,843 Sycamore Terrace,Reston,Virginia,22096,571-322-8411,301-403-9934
Brinn,Goodlett,0430 Ramsey Crossing,Portsmouth,New Hampshire,214,603-495-6527,405-235-2577
Stanwood,Payfoot,2419 Shelley Pass,Des Moines,Iowa,50936,515-844-0145,937-541-0503
Jackie,Heighway,03 Homewood Circle,Honolulu,Hawaii,96835,808-480-1005,571-530-4915
Nahum,Pavlovsky,539 Nevada Way,Norfolk,Virginia,23504,757-696-7086,817-211-7806
Ase,Kempe,9794 Banding Parkway,Washington,District of Columbia,20546,202-207-4467,812-270-0526
Vi,Lowery,10964 Armistice Way,Chicago,Illinois,60630,773-928-5145,702-335-7249
Kirsten,Wrefford,562 Sloan Road,New York City,New York,10024,212-487-1331,337-585-9623
Jarib,Wiggins,24134 Sutherland Street,Dayton,Ohio,45403,937-952-3165,317-565-0793
Ninetta,Pelling,95 Spaight Street,Minneapolis,Minnesota,55402,612-581-4919,619-839-0419
Crissy,Gitting,56 Hauk Center,Las Vegas,Nevada,89120,702-492-8165,717-540-9240
Phineas,Spellecy,12 Hazelcrest Place,Houston,Texas,77266,832-964-2365,267-343-1188
Grethel,MacMorland,1 Ohio Hill,Amarillo,Texas,79159,806-303-7625,330-603-4309
Amerigo,Megroff,3 Gateway Court,Pompano Beach,Florida,33069,754-168-9039,760-945-9393
Emmalynn,Henrique,662 Hintze Avenue,Washington,District of Columbia,20470,202-357-1352,757-215-5364
Kingston,Ife,1 South Avenue,Brooklyn,New York,11247,212-586-8536,864-441-1849
Lillian,Luton,377 Park Meadow Drive,Arlington,Virginia,22244,571-125-1580,202-666-9803
Granthem,Yurkevich,39636 Artisan Court,Oklahoma City,Oklahoma,73152,405-243-6784,704-859-2215
Tiffie,Gehricke,0 Meadow Ridge Junction,El Paso,Texas,79911,915-655-5698,505-778-3717
Duffy,Melody,0 Village Plaza,Pittsburgh,Pennsylvania,15240,412-556-1812,786-395-8989
Arlen,Snelling,9562 Lunder Crossing,Birmingham,Alabama,35295,205-188-4933,330-607-8866
Corrinne,Tysall,0 Crowley Pass,Lake Worth,Florida,33467,561-171-1475,202-268-5772
Cariotta,Vanichev,91300 Village Green Drive,Norwalk,Connecticut,6854,203-114-9481,214-275-6154
Dori,Rodway,24 5th Terrace,Woburn,Massachusetts,1813,339-115-6508,502-281-6201
Sabine,Napthine,1964 Pepper Wood Terrace,Maple Plain,Minnesota,55572,763-167-1122,915-945-9319
Katy,Midgely,141 Cottonwood Court,Naples,Florida,34108,941-378-4830,816-940-7131
Jodie,Liverock,58486 Lakewood Road,Shawnee Mission,Kansas,66210,913-325-1113,720-854-5111
